tpep_pickup_datetime,tpep_dropoff_datetime,PULocationID,DOLocationID,passenger_count,trip_distance,fare_amount,tip_amount,total_amount,payment_type
2024-07-28 15:14:00,2024-07-28 15:36:00,202,170,4,8.02,38.37,8.69,47.06,4
2024-07-21 00:36:00,2024-07-21 01:03:00,97,196,2,1.65,37.38,4.46,41.84,2
2024-06-20 08:43:00,2024-06-20 08:51:00,217,222,4,6.9,9.33,3.43,12.76,1
2024-06-11 18:57:00,2024-06-11 19:21:00,29,85,3,10.71,29.6,6.59,36.19,4
2024-08-09 05:25:00,2024-08-09 05:30:00,247,188,2,8.51,27.27,9.36,36.63,3
2024-07-10 03:30:00,2024-07-10 03:36:00,245,129,3,10.99,28.38,8.6,36.98,2
2024-06-12 10:21:00,2024-06-12 10:35:00,52,125,4,14.43,22.2,6.5,28.7,2
2024-07-18 01:05:00,2024-07-18 01:23:00,117,197,1,13.74,6.73,3.17,9.9,1
2024-06-05 14:26:00,2024-06-05 14:35:00,205,44,6,9.55,9.0,8.3,17.3,2
2024-07-21 01:56:00,2024-07-21 02:24:00,100,244,2,1.26,14.11,6.55,20.66,1
2024-07-19 15:45:00,2024-07-19 16:06:00,240,174,4,10.22,5.89,7.93,13.82,2
2024-06-11 02:03:00,2024-06-11 02:11:00,85,21,1,5.74,34.77,9.63,44.4,3
2024-07-05 18:31:00,2024-07-05 19:00:00,250,265,6,12.32,3.51,6.48,9.99,4
2024-07-25 08:01:00,2024-07-25 08:08:00,151,190,5,0.61,25.78,1.88,27.66,4
2024-07-24 23:47:00,2024-07-25 00:15:00,187,102,1,12.12,38.3,6.97,45.27,2
2024-06-14 07:51:00,2024-06-14 08:10:00,76,141,6,5.81,39.02,1.11,40.13,3
2024-07-02 20:12:00,2024-07-02 20:40:00,40,222,3,2.25,7.5,9.77,17.27,3
2024-06-19 18:27:00,2024-06-19 18:53:00,2,54,4,1.1,11.08,2.12,13.2,1
2024-07-05 06:52:00,2024-07-05 07:09:00,249,259,5,3.07,29.88,9.95,39.83,1
2024-06-23 01:02:00,2024-06-23 01:17:00,137,201,5,1.49,9.79,6.02,15.81,1
2024-06-13 10:05:00,2024-06-13 10:21:00,209,194,1,13.91,22.14,2.93,25.07,3
2024-07-04 09:55:00,2024-07-04 10:17:00,116,223,5,14.23,30.91,2.6,33.51,2
2024-06-18 07:07:00,2024-06-18 07:18:00,32,139,3,14.7,28.89,9.64,38.53,4
2024-06-23 17:52:00,2024-06-23 18:06:00,149,141,4,3.49,26.26,4.88,31.14,2
2024-07-31 02:44:00,2024-07-31 02:54:00,58,34,2,1.68,6.72,5.73,12.45,1
2024-06-09 17:45:00,2024-06-09 18:04:00,148,132,3,11.15,15.21,9.71,24.92,2
2024-06-11 10:46:00,2024-06-11 11:10:00,53,63,1,9.43,9.26,3.13,12.39,1
2024-06-14 22:52:00,2024-06-14 22:59:00,163,34,4,6.39,7.9,8.99,16.89,4
2024-07-24 21:31:00,2024-07-24 21:36:00,258,113,3,6.47,15.36,0.13,15.49,4
2024-06-03 21:58:00,2024-06-03 22:28:00,170,157,1,1.59,22.95,3.17,26.12,4
2024-07-17 17:34:00,2024-07-17 17:42:00,113,49,5,7.47,28.92,9.79,38.71,4
2024-07-12 17:40:00,2024-07-12 18:06:00,114,200,1,1.51,34.03,2.86,36.89,1
2024-07-05 11:01:00,2024-07-05 11:30:00,17,110,6,2.99,12.48,5.48,17.96,2
2024-07-15 18:39:00,2024-07-15 18:48:00,45,235,6,10.23,20.94,8.18,29.12,4
2024-07-27 04:09:00,2024-07-27 04:24:00,223,109,2,7.79,3.25,5.57,8.82,4
2024-06-22 14:28:00,2024-06-22 14:38:00,168,80,3,6.45,11.62,2.27,13.89,3
2024-07-21 09:00:00,2024-07-21 09:05:00,135,102,1,5.78,29.36,8.09,37.45,4
2024-07-05 00:30:00,2024-07-05 00:58:00,23,29,3,12.17,3.4,1.32,4.72,4
2024-07-20 02:06:00,2024-07-20 02:31:00,191,63,1,11.69,13.32,7.05,20.37,3
2024-07-31 08:34:00,2024-07-31 08:50:00,168,134,6,2.9,22.73,1.08,23.81,2
2024-06-30 04:25:00,2024-06-30 04:50:00,182,162,4,11.64,18.24,0.92,19.16,2
2024-07-13 16:21:00,2024-07-13 16:33:00,198,150,6,6.57,12.56,5.41,17.97,2
2024-07-20 19:13:00,2024-07-20 19:18:00,119,152,1,14.32,25.95,9.84,35.79,3
2024-06-17 15:29:00,2024-06-17 15:58:00,150,120,1,0.83,21.23,0.76,21.99,4
2024-08-03 07:31:00,2024-08-03 07:39:00,15,61,2,2.5,12.53,9.77,22.3,1
2024-08-07 06:43:00,2024-08-07 06:55:00,259,115,3,9.92,17.08,9.06,26.14,4
2024-07-17 19:45:00,2024-07-17 20:14:00,210,107,4,3.16,17.84,6.55,24.39,2
2024-06-15 13:08:00,2024-06-15 13:24:00,19,149,5,8.4,16.2,8.26,24.46,3
2024-07-23 08:02:00,2024-07-23 08:20:00,67,33,1,14.69,34.68,0.3,34.98,3
2024-07-02 07:52:00,2024-07-02 08:10:00,8,137,1,10.24,13.45,4.93,18.38,1
2024-06-28 00:08:00,2024-06-28 00:30:00,191,259,4,14.72,30.36,7.51,37.87,1
2024-08-03 07:30:00,2024-08-03 07:50:00,219,86,6,10.13,32.52,5.96,38.48,4
2024-06-09 05:58:00,2024-06-09 06:22:00,136,221,2,4.92,36.19,5.36,41.55,2
2024-06-29 21:55:00,2024-06-29 22:13:00,250,168,6,14.78,8.35,7.62,15.97,3
2024-07-29 16:21:00,2024-07-29 16:30:00,155,255,1,2.22,20.71,5.15,25.86,1
2024-07-21 04:22:00,2024-07-21 04:46:00,89,113,3,0.91,22.25,7.3,29.55,4
2024-07-23 22:06:00,2024-07-23 22:31:00,72,219,5,12.81,24.5,2.38,26.88,4
2024-06-07 14:55:00,2024-06-07 15:18:00,249,207,3,9.65,32.26,5.18,37.44,2
2024-07-09 02:22:00,2024-07-09 02:39:00,9,186,1,14.99,32.19,9.27,41.46,4
2024-07-18 08:15:00,2024-07-18 08:28:00,112,262,4,7.04,20.82,3.15,23.97,4
2024-08-05 06:16:00,2024-08-05 06:22:00,161,210,4,14.73,36.79,1.92,38.71,1
2024-07-19 12:10:00,2024-07-19 12:25:00,164,183,6,7.28,4.45,5.6,10.05,3
2024-06-23 15:03:00,2024-06-23 15:24:00,17,225,2,14.01,20.1,1.85,21.95,3
2024-06-28 10:34:00,2024-06-28 10:48:00,204,24,1,2.98,38.0,9.63,47.63,3
2024-07-31 13:12:00,2024-07-31 13:19:00,214,256,3,2.09,33.99,1.74,35.73,4
2024-07-03 13:25:00,2024-07-03 13:46:00,126,18,5,4.23,3.91,9.34,13.25,3
2024-06-25 21:08:00,2024-06-25 21:37:00,101,144,1,4.43,38.93,8.68,47.61,4
2024-08-05 07:11:00,2024-08-05 07:33:00,195,38,4,9.88,16.93,8.9,25.83,1
2024-06-14 15:21:00,2024-06-14 15:43:00,198,5,4,9.44,14.83,8.81,23.64,1
2024-07-10 19:15:00,2024-07-10 19:42:00,98,136,5,5.59,3.49,7.28,10.77,2
2024-07-27 01:50:00,2024-07-27 02:19:00,97,138,1,11.45,22.44,3.04,25.48,4
2024-06-25 07:25:00,2024-06-25 07:51:00,66,225,2,13.4,5.97,7.64,13.61,3
2024-06-07 00:31:00,2024-06-07 00:42:00,216,184,6,7.59,28.06,5.71,33.77,3
2024-06-26 06:24:00,2024-06-26 06:43:00,77,184,1,9.35,16.57,2.24,18.81,4
2024-07-12 11:51:00,2024-07-12 12:01:00,258,121,1,7.17,16.36,7.92,24.28,2
2024-06-03 01:01:00,2024-06-03 01:24:00,70,97,3,2.74,23.06,5.85,28.91,3
2024-06-03 22:05:00,2024-06-03 22:27:00,157,51,6,9.9,7.47,2.22,9.69,4
2024-06-13 23:19:00,2024-06-13 23:37:00,90,245,2,10.22,12.15,5.35,17.5,1
2024-06-26 16:30:00,2024-06-26 16:51:00,122,34,4,4.52,28.96,4.82,33.78,4
2024-07-14 20:10:00,2024-07-14 20:23:00,46,198,5,3.6,14.38,6.41,20.79,4
2024-07-09 15:24:00,2024-07-09 15:44:00,47,72,3,6.44,31.45,3.56,35.01,3
2024-07-10 15:36:00,2024-07-10 16:00:00,189,223,5,4.68,19.45,6.17,25.62,2
2024-06-18 16:02:00,2024-06-18 16:25:00,26,26,6,9.18,35.08,4.84,39.92,1
2024-07-03 00:25:00,2024-07-03 00:31:00,91,47,3,12.58,5.9,6.15,12.05,1
2024-07-09 13:06:00,2024-07-09 13:12:00,105,222,5,13.48,8.17,3.24,11.41,2
2024-07-24 17:53:00,2024-07-24 18:16:00,86,253,3,6.85,17.79,7.32,25.11,4
2024-07-09 04:00:00,2024-07-09 04:09:00,180,11,4,2.57,7.57,9.22,16.79,4
2024-08-09 04:44:00,2024-08-09 04:50:00,98,173,3,10.74,27.56,1.92,29.48,1
2024-07-09 10:27:00,2024-07-09 10:42:00,82,58,4,6.23,39.87,1.83,41.7,1
2024-07-04 20:45:00,2024-07-04 21:00:00,133,111,6,3.11,38.79,1.44,40.23,4
2024-07-11 10:27:00,2024-07-11 10:57:00,41,194,6,8.14,8.97,4.93,13.9,1
2024-06-09 01:22:00,2024-06-09 01:33:00,28,236,1,7.66,39.07,2.7,41.77,1
2024-08-05 14:26:00,2024-08-05 14:40:00,87,55,6,10.82,11.23,9.08,20.31,3
2024-07-30 19:20:00,2024-07-30 19:29:00,166,85,6,8.27,9.99,1.32,11.31,4
2024-07-02 02:29:00,2024-07-02 02:40:00,207,223,1,2.53,8.01,5.56,13.57,4
2024-06-12 22:39:00,2024-06-12 23:01:00,264,210,5,10.69,6.65,4.23,10.88,2
2024-06-28 21:47:00,2024-06-28 22:09:00,122,92,5,8.4,14.66,7.24,21.9,4
2024-06-23 01:30:00,2024-06-23 01:40:00,216,42,4,6.25,35.15,5.53,40.68,1
2024-06-06 23:37:00,2024-06-07 00:03:00,79,227,1,8.1,8.72,0.31,9.03,4
2024-07-26 09:08:00,2024-07-26 09:16:00,197,257,1,4.4,32.8,9.66,42.46,4
2024-07-10 04:12:00,2024-07-10 04:34:00,54,71,5,9.96,27.72,2.84,30.56,2
2024-06-19 11:19:00,2024-06-19 11:29:00,73,50,1,1.1,14.1,8.6,22.7,2
2024-07-13 07:42:00,2024-07-13 07:57:00,204,254,3,1.98,38.72,8.07,46.79,1
2024-08-01 14:41:00,2024-08-01 15:07:00,187,208,3,8.0,18.97,2.77,21.74,4
2024-06-15 11:49:00,2024-06-15 12:02:00,117,12,4,13.61,38.7,8.01,46.71,4
2024-06-03 03:01:00,2024-06-03 03:07:00,95,232,5,14.52,24.63,1.92,26.55,3
2024-06-04 13:31:00,2024-06-04 13:52:00,135,205,1,1.06,21.48,8.32,29.8,4
2024-07-07 08:23:00,2024-07-07 08:41:00,204,252,4,9.09,19.34,9.24,28.58,3
2024-06-21 04:39:00,2024-06-21 05:04:00,175,42,2,0.95,23.23,4.53,27.76,3
2024-07-18 14:02:00,2024-07-18 14:17:00,218,89,4,11.16,32.44,5.9,38.34,4
2024-07-14 23:11:00,2024-07-14 23:37:00,30,146,3,8.32,31.99,4.61,36.6,1
2024-06-09 19:30:00,2024-06-09 19:44:00,123,51,6,3.84,15.73,6.13,21.86,3
2024-06-07 08:25:00,2024-06-07 08:48:00,152,119,6,11.71,22.48,8.54,31.02,4
2024-07-05 21:38:00,2024-07-05 22:03:00,11,228,3,12.79,33.56,3.85,37.41,4
2024-07-03 11:11:00,2024-07-03 11:29:00,37,51,1,1.54,35.4,1.31,36.71,3
2024-08-03 13:06:00,2024-08-03 13:20:00,129,25,4,1.81,6.86,5.37,12.23,3
2024-06-02 17:08:00,2024-06-02 17:25:00,48,82,4,5.55,34.27,3.5,37.77,2
2024-06-15 15:16:00,2024-06-15 15:45:00,96,151,4,14.2,35.58,2.74,38.32,1
2024-08-06 18:05:00,2024-08-06 18:19:00,14,253,2,13.7,33.67,8.96,42.63,3
2024-06-07 05:07:00,2024-06-07 05:32:00,60,144,5,6.04,33.95,3.21,37.16,2
2024-07-10 04:55:00,2024-07-10 05:05:00,160,76,6,10.75,16.66,9.7,26.36,3
2024-06-27 13:51:00,2024-06-27 14:15:00,144,201,6,6.81,32.46,9.51,41.97,1
2024-06-11 12:50:00,2024-06-11 13:00:00,229,199,1,9.03,33.02,2.05,35.07,3
2024-06-13 11:06:00,2024-06-13 11:20:00,151,85,4,4.99,25.83,0.65,26.48,1
2024-07-18 01:46:00,2024-07-18 02:16:00,33,161,6,4.04,31.41,3.18,34.59,4
2024-07-24 18:07:00,2024-07-24 18:17:00,228,133,1,5.54,32.44,0.63,33.07,1
2024-07-31 00:03:00,2024-07-31 00:17:00,109,136,1,11.53,28.48,8.2,36.68,2
2024-07-26 01:58:00,2024-07-26 02:06:00,186,78,4,2.4,12.6,6.87,19.47,4
2024-06-12 13:49:00,2024-06-12 14:07:00,26,5,1,0.85,32.24,9.97,42.21,4
2024-06-18 06:10:00,2024-06-18 06:33:00,123,196,3,1.45,24.33,4.9,29.23,1
2024-06-16 18:53:00,2024-06-16 19:19:00,42,91,3,4.01,25.23,8.91,34.14,1
2024-06-20 17:51:00,2024-06-20 18:09:00,89,49,1,4.13,8.63,9.96,18.59,3
2024-06-09 20:04:00,2024-06-09 20:29:00,117,68,4,7.14,31.62,0.84,32.46,4
2024-07-27 06:49:00,2024-07-27 07:09:00,245,46,3,0.94,32.62,0.46,33.08,1
2024-06-11 11:29:00,2024-06-11 11:49:00,252,12,5,1.25,35.04,2.28,37.32,4
2024-06-03 12:14:00,2024-06-03 12:27:00,253,217,2,4.02,17.23,9.53,26.76,4
2024-07-18 17:21:00,2024-07-18 17:27:00,146,198,3,8.31,5.6,3.86,9.46,2
2024-07-28 05:48:00,2024-07-28 05:53:00,82,28,5,6.16,14.96,1.91,16.87,2
2024-06-02 14:33:00,2024-06-02 14:55:00,3,74,5,11.7,6.23,9.95,16.18,4
2024-06-06 23:13:00,2024-06-06 23:31:00,23,221,2,12.33,10.7,1.2,11.9,1
2024-07-08 08:30:00,2024-07-08 08:37:00,237,150,3,11.77,21.55,1.42,22.97,2
2024-07-13 05:21:00,2024-07-13 05:40:00,129,183,4,1.91,20.08,0.53,20.61,2
2024-06-27 05:40:00,2024-06-27 06:01:00,16,178,1,9.69,29.57,3.9,33.47,2
2024-07-08 16:50:00,2024-07-08 17:08:00,157,144,3,1.95,10.26,6.57,16.83,3
2024-07-24 08:46:00,2024-07-24 09:11:00,16,180,4,1.79,4.91,3.67,8.58,1
2024-06-06 20:25:00,2024-06-06 20:52:00,7,97,3,4.77,7.89,9.64,17.53,4
2024-07-31 21:33:00,2024-07-31 21:48:00,8,65,1,10.15,20.18,6.29,26.47,4
2024-08-05 05:42:00,2024-08-05 06:00:00,118,117,4,9.65,39.87,6.03,45.9,3
2024-07-04 19:22:00,2024-07-04 19:34:00,201,2,5,5.38,35.56,2.47,38.03,1
2024-06-05 17:23:00,2024-06-05 17:36:00,17,114,1,2.66,28.73,6.95,35.68,2
2024-07-15 02:53:00,2024-07-15 03:10:00,8,137,1,2.16,36.6,7.93,44.53,2
2024-07-11 06:41:00,2024-07-11 06:51:00,35,21,6,4.2,24.41,6.19,30.6,1
2024-06-12 10:05:00,2024-06-12 10:14:00,63,183,5,9.2,6.82,9.41,16.23,3
2024-06-27 04:24:00,2024-06-27 04:42:00,224,126,4,12.62,33.91,8.51,42.42,4
2024-07-15 02:58:00,2024-07-15 03:21:00,233,44,2,1.22,22.26,9.09,31.35,3
2024-06-11 06:39:00,2024-06-11 07:01:00,8,199,4,9.12,37.84,4.92,42.76,1
2024-07-03 22:23:00,2024-07-03 22:49:00,63,86,4,10.52,22.78,8.31,31.09,1
2024-07-04 17:16:00,2024-07-04 17:33:00,254,44,6,9.14,7.56,3.16,10.72,1
2024-06-09 02:34:00,2024-06-09 02:49:00,117,213,5,8.3,5.84,6.66,12.5,3
2024-08-06 09:16:00,2024-08-06 09:43:00,10,160,2,9.71,26.39,6.05,32.44,4
2024-06-02 15:59:00,2024-06-02 16:19:00,27,62,2,1.1,25.68,7.96,33.64,4
2024-07-25 08:34:00,2024-07-25 08:41:00,203,80,1,6.04,27.91,8.17,36.08,1
2024-06-05 23:23:00,2024-06-05 23:43:00,136,97,3,12.36,27.49,2.26,29.75,3
2024-06-08 12:37:00,2024-06-08 12:47:00,101,6,4,10.72,9.95,2.12,12.07,1
2024-08-05 13:03:00,2024-08-05 13:31:00,182,109,4,4.43,27.43,8.35,35.78,3
2024-06-15 12:44:00,2024-06-15 12:53:00,182,170,4,7.96,25.46,5.85,31.31,2
2024-06-14 13:12:00,2024-06-14 13:29:00,119,21,1,5.14,8.47,3.86,12.33,3
2024-06-05 22:09:00,2024-06-05 22:27:00,194,234,6,1.38,21.08,6.15,27.23,1
2024-06-06 00:57:00,2024-06-06 01:02:00,231,243,4,13.74,4.07,9.99,14.06,4
2024-06-02 00:59:00,2024-06-02 01:04:00,163,165,4,10.42,23.19,9.83,33.02,3
2024-08-06 16:58:00,2024-08-06 17:24:00,109,116,5,6.61,21.45,9.35,30.8,4
2024-06-28 23:26:00,2024-06-28 23:50:00,173,70,4,6.15,18.48,0.32,18.8,1
2024-07-07 23:02:00,2024-07-07 23:11:00,157,157,1,3.07,3.81,6.48,10.29,3
2024-06-21 02:08:00,2024-06-21 02:18:00,42,120,3,12.09,3.79,9.34,13.13,4
2024-08-01 03:23:00,2024-08-01 03:49:00,32,168,1,1.61,15.75,1.35,17.1,4
2024-06-18 06:06:00,2024-06-18 06:25:00,173,120,3,6.63,34.53,1.67,36.2,4
2024-07-19 00:59:00,2024-07-19 01:15:00,175,250,4,14.7,36.93,5.39,42.32,1
2024-06-02 11:36:00,2024-06-02 12:06:00,235,109,5,4.46,15.13,3.98,19.11,4
2024-06-12 02:27:00,2024-06-12 02:56:00,235,103,3,10.61,12.04,6.85,18.89,2
2024-08-03 04:02:00,2024-08-03 04:27:00,155,142,4,6.89,32.46,2.34,34.8,1
2024-07-25 04:07:00,2024-07-25 04:16:00,102,5,4,5.75,24.9,5.09,29.99,3
2024-08-03 20:43:00,2024-08-03 21:13:00,97,24,1,10.59,10.72,3.84,14.56,4
2024-08-02 23:53:00,2024-08-03 00:00:00,247,53,4,2.56,27.57,6.11,33.68,3
2024-07-11 00:56:00,2024-07-11 01:21:00,11,106,3,9.1,19.41,2.44,21.85,4
2024-06-16 22:51:00,2024-06-16 23:12:00,57,84,5,4.44,28.85,0.08,28.93,4
2024-07-31 14:21:00,2024-07-31 14:43:00,161,73,6,10.06,28.61,7.46,36.07,4
2024-06-16 07:14:00,2024-06-16 07:38:00,149,116,4,2.98,32.77,3.31,36.08,3
2024-06-29 16:28:00,2024-06-29 16:49:00,218,255,1,6.71,30.89,5.04,35.93,1
2024-07-20 03:25:00,2024-07-20 03:55:00,112,44,5,11.68,38.77,3.68,42.45,1
2024-08-09 10:28:00,2024-08-09 10:34:00,263,19,5,11.26,18.09,4.19,22.28,3
2024-07-08 19:09:00,2024-07-08 19:37:00,231,78,5,5.2,15.13,5.01,20.14,3
2024-06-11 09:54:00,2024-06-11 10:02:00,241,174,4,3.63,25.99,4.35,30.34,2
2024-07-22 09:25:00,2024-07-22 09:42:00,11,251,1,3.03,3.89,2.92,6.81,1
2024-07-10 05:19:00,2024-07-10 05:24:00,236,57,1,6.55,4.18,7.04,11.22,3
2024-06-10 14:05:00,2024-06-10 14:25:00,155,145,2,6.93,29.15,4.81,33.96,4
2024-07-11 22:41:00,2024-07-11 22:56:00,64,3,2,1.09,26.21,3.83,30.04,2
2024-06-12 14:29:00,2024-06-12 14:36:00,152,6,1,13.19,29.29,2.47,31.76,1
2024-07-14 18:49:00,2024-07-14 19:07:00,48,9,6,12.7,27.88,0.95,28.83,1
2024-06-01 14:37:00,2024-06-01 14:53:00,232,211,2,2.33,3.04,1.8,4.84,4
2024-06-15 11:08:00,2024-06-15 11:35:00,147,184,1,9.57,36.37,0.33,36.7,2
2024-07-20 17:15:00,2024-07-20 17:32:00,226,185,2,5.33,27.05,5.23,32.28,3
2024-06-18 12:40:00,2024-06-18 13:07:00,198,210,3,12.36,4.1,2.49,6.59,4
2024-07-12 16:41:00,2024-07-12 16:46:00,45,134,3,11.08,38.74,9.02,47.76,3
2024-06-21 10:39:00,2024-06-21 11:04:00,100,219,3,3.46,32.52,4.64,37.16,2
2024-07-13 14:06:00,2024-07-13 14:20:00,159,2,6,14.11,6.13,6.2,12.33,2
2024-08-09 01:10:00,2024-08-09 01:38:00,149,250,2,12.88,24.29,5.9,30.19,2
2024-07-30 09:25:00,2024-07-30 09:38:00,1,55,5,1.75,36.04,2.76,38.8,2
2024-06-07 05:02:00,2024-06-07 05:07:00,134,157,5,10.56,30.66,4.38,35.04,4
2024-07-02 09:02:00,2024-07-02 09:31:00,74,31,5,3.03,25.53,8.4,33.93,4
2024-08-09 08:35:00,2024-08-09 08:46:00,203,6,1,1.52,34.97,7.66,42.63,4
2024-08-07 23:16:00,2024-08-07 23:45:00,99,177,3,2.76,14.24,9.15,23.39,4
2024-06-28 01:34:00,2024-06-28 01:52:00,80,79,4,14.03,20.59,9.41,30.0,3
2024-07-03 02:36:00,2024-07-03 02:41:00,30,203,4,11.42,30.01,0.22,30.23,4
2024-06-09 15:03:00,2024-06-09 15:30:00,237,21,4,13.13,10.19,8.28,18.47,3
2024-08-07 11:24:00,2024-08-07 11:46:00,19,43,3,9.9,25.68,9.29,34.97,1
2024-07-22 18:12:00,2024-07-22 18:18:00,199,32,5,7.55,14.85,8.74,23.59,1
2024-07-27 21:36:00,2024-07-27 22:00:00,65,45,4,12.26,36.24,9.13,45.37,4
2024-06-18 20:55:00,2024-06-18 21:12:00,140,155,5,7.44,25.22,3.09,28.31,2
2024-07-07 20:03:00,2024-07-07 20:18:00,116,129,1,1.05,7.69,7.72,15.41,2
2024-06-15 14:04:00,2024-06-15 14:20:00,74,72,2,4.78,32.15,4.9,37.05,2
2024-06-20 08:00:00,2024-06-20 08:09:00,252,198,6,1.56,31.1,9.87,40.97,3
2024-08-08 16:40:00,2024-08-08 16:54:00,82,229,3,6.58,24.7,7.62,32.32,2
2024-06-11 22:48:00,2024-06-11 23:00:00,18,163,1,10.2,38.98,9.1,48.08,4
2024-07-16 00:40:00,2024-07-16 00:45:00,231,112,1,4.39,6.88,2.18,9.06,1
2024-07-03 18:46:00,2024-07-03 19:10:00,187,119,4,5.13,39.23,1.62,40.85,1
2024-07-31 23:45:00,2024-08-01 00:07:00,41,56,2,3.96,24.88,7.26,32.14,3
2024-07-06 01:41:00,2024-07-06 01:47:00,161,142,5,9.02,35.69,0.84,36.53,1
2024-07-07 16:20:00,2024-07-07 16:28:00,213,151,3,3.6,22.11,8.66,30.77,4
2024-06-27 09:32:00,2024-06-27 09:42:00,109,64,1,2.47,9.17,3.29,12.46,2
2024-06-08 20:33:00,2024-06-08 20:41:00,148,139,2,11.79,35.4,8.64,44.04,1
2024-06-30 00:26:00,2024-06-30 00:32:00,25,121,6,8.34,16.67,1.56,18.23,2
2024-07-25 11:03:00,2024-07-25 11:25:00,66,170,2,3.13,11.81,9.95,21.76,4
2024-06-13 05:44:00,2024-06-13 06:08:00,45,198,4,4.44,16.75,4.87,21.62,3
2024-06-06 17:35:00,2024-06-06 18:03:00,107,41,2,2.83,37.21,1.09,38.3,4
2024-07-11 02:10:00,2024-07-11 02:33:00,181,245,1,12.79,10.59,0.13,10.72,4
2024-07-13 22:15:00,2024-07-13 22:36:00,254,22,1,6.59,29.76,1.02,30.78,2
2024-07-27 18:57:00,2024-07-27 19:21:00,230,4,4,11.31,20.26,4.67,24.93,1
2024-06-10 08:48:00,2024-06-10 09:10:00,260,124,4,10.62,19.95,4.42,24.37,3
2024-06-08 21:38:00,2024-06-08 21:46:00,211,196,3,4.99,36.93,8.76,45.69,3
2024-07-11 11:10:00,2024-07-11 11:27:00,6,104,2,7.08,18.45,5.37,23.82,1
2024-07-04 08:14:00,2024-07-04 08:25:00,215,16,3,9.08,28.79,2.42,31.21,2
2024-08-07 14:45:00,2024-08-07 15:10:00,35,133,1,10.28,15.41,9.98,25.39,1
2024-06-03 16:13:00,2024-06-03 16:19:00,101,145,3,2.14,21.58,3.58,25.16,3
2024-07-17 20:15:00,2024-07-17 20:44:00,201,227,6,10.36,39.99,5.2,45.19,4
2024-06-30 18:31:00,2024-06-30 18:56:00,31,208,3,3.49,4.82,0.58,5.4,2
2024-06-01 19:06:00,2024-06-01 19:14:00,21,33,1,13.25,15.99,0.96,16.95,2
2024-07-01 17:40:00,2024-07-01 17:58:00,249,139,4,1.95,35.86,1.73,37.59,1
2024-06-16 16:31:00,2024-06-16 16:49:00,212,158,2,6.81,24.02,0.74,24.76,2
2024-06-02 01:27:00,2024-06-02 01:35:00,226,115,6,10.68,37.0,1.41,38.41,1
2024-06-02 02:52:00,2024-06-02 02:57:00,50,205,6,7.94,30.86,0.23,31.09,4
2024-08-01 23:55:00,2024-08-02 00:22:00,262,75,3,3.25,38.01,2.48,40.49,2
2024-06-07 21:44:00,2024-06-07 21:58:00,1,148,4,4.48,34.66,3.31,37.97,3
2024-06-04 04:35:00,2024-06-04 04:48:00,67,116,6,8.95,30.54,2.1,32.64,3
2024-06-27 09:37:00,2024-06-27 09:51:00,133,126,3,12.78,21.84,2.8,24.64,4
2024-06-29 02:45:00,2024-06-29 02:52:00,109,256,3,8.08,9.99,9.68,19.67,3
2024-07-20 11:24:00,2024-07-20 11:39:00,27,192,1,9.57,7.22,0.8,8.02,1
2024-06-11 18:10:00,2024-06-11 18:32:00,188,30,2,2.33,5.81,8.44,14.25,1
2024-07-30 07:00:00,2024-07-30 07:23:00,104,87,3,3.96,5.58,6.66,12.24,4
2024-06-26 05:01:00,2024-06-26 05:15:00,86,228,1,0.75,8.73,4.91,13.64,2
2024-07-12 10:41:00,2024-07-12 10:54:00,190,182,4,10.6,17.73,4.31,22.04,3
2024-07-01 14:39:00,2024-07-01 15:02:00,24,146,4,8.64,32.5,0.38,32.88,2
2024-07-10 20:06:00,2024-07-10 20:21:00,193,41,5,1.17,21.14,3.3,24.44,4
2024-07-09 17:54:00,2024-07-09 18:11:00,121,5,2,2.08,38.0,1.17,39.17,2
2024-07-08 18:50:00,2024-07-08 19:14:00,113,246,5,9.51,18.0,9.22,27.22,4
2024-06-23 19:50:00,2024-06-23 20:15:00,75,258,2,13.14,17.04,3.66,20.7,1
2024-07-27 05:25:00,2024-07-27 05:34:00,91,118,3,10.65,5.24,2.33,7.57,2
2024-07-07 04:48:00,2024-07-07 05:00:00,89,194,6,12.32,15.94,5.96,21.9,1
2024-08-03 02:32:00,2024-08-03 02:49:00,86,231,1,6.13,11.15,4.24,15.39,4
2024-07-18 01:25:00,2024-07-18 01:51:00,134,159,6,5.23,8.07,6.32,14.39,4
2024-06-15 08:05:00,2024-06-15 08:33:00,144,58,4,9.4,4.34,2.93,7.27,2
2024-08-01 07:35:00,2024-08-01 07:40:00,57,199,5,13.75,38.73,2.76,41.49,3
2024-07-17 15:16:00,2024-07-17 15:29:00,166,162,4,12.32,21.32,4.71,26.03,1
2024-07-10 18:24:00,2024-07-10 18:52:00,262,155,3,8.51,19.34,1.06,20.4,1
2024-06-22 01:46:00,2024-06-22 02:03:00,137,144,2,9.94,3.32,2.8,6.12,3
2024-07-17 09:45:00,2024-07-17 10:05:00,149,158,5,7.89,8.33,3.87,12.2,2
2024-08-02 23:45:00,2024-08-03 00:01:00,242,226,1,4.27,29.76,3.72,33.48,2
2024-06-11 04:55:00,2024-06-11 05:25:00,213,254,6,7.93,6.78,3.02,9.8,3
2024-07-17 21:01:00,2024-07-17 21:26:00,164,141,6,9.58,9.39,6.04,15.43,2
2024-06-02 02:46:00,2024-06-02 03:04:00,163,73,2,11.22,14.59,2.82,17.41,1
2024-07-31 05:17:00,2024-07-31 05:29:00,85,81,5,7.55,28.62,3.36,31.98,3
2024-06-24 17:09:00,2024-06-24 17:23:00,41,133,3,0.73,19.77,1.69,21.46,2
2024-06-23 06:40:00,2024-06-23 06:54:00,64,119,5,12.78,26.33,9.65,35.98,2
2024-08-03 13:52:00,2024-08-03 14:20:00,123,205,2,11.13,38.31,2.47,40.78,3
2024-06-20 17:47:00,2024-06-20 18:17:00,194,73,6,13.86,9.66,6.17,15.83,1
2024-08-05 14:48:00,2024-08-05 15:12:00,140,219,3,11.85,31.14,9.11,40.25,4
2024-07-27 15:17:00,2024-07-27 15:35:00,176,14,3,6.21,18.16,5.13,23.29,1
2024-06-13 21:43:00,2024-06-13 21:52:00,170,121,2,11.65,25.71,8.56,34.27,2
2024-07-14 19:15:00,2024-07-14 19:20:00,246,103,1,12.5,3.73,0.0,3.73,3
2024-07-14 10:24:00,2024-07-14 10:48:00,231,240,1,12.02,38.68,3.95,42.63,1
2024-07-02 21:00:00,2024-07-02 21:19:00,253,73,1,5.85,18.19,1.3,19.49,3
2024-07-15 17:51:00,2024-07-15 18:12:00,171,98,2,9.92,6.45,5.75,12.2,1
2024-07-04 18:54:00,2024-07-04 19:23:00,5,69,1,7.35,3.94,1.45,5.39,2
2024-06-09 03:26:00,2024-06-09 03:53:00,96,47,6,8.13,28.42,8.46,36.88,3
2024-07-11 01:14:00,2024-07-11 01:44:00,168,200,5,7.48,24.77,1.28,26.05,2
2024-08-09 07:30:00,2024-08-09 07:57:00,93,83,1,9.33,22.4,0.91,23.31,4
2024-06-15 20:02:00,2024-06-15 20:17:00,149,3,2,1.47,16.58,6.98,23.56,1
2024-07-06 19:19:00,2024-07-06 19:32:00,49,245,1,1.68,14.37,5.17,19.54,1
2024-07-12 11:13:00,2024-07-12 11:26:00,55,120,1,2.86,39.95,2.48,42.43,2
2024-06-24 04:22:00,2024-06-24 04:46:00,116,253,1,14.33,11.81,3.4,15.21,3
2024-07-28 15:54:00,2024-07-28 16:02:00,1,17,6,1.13,3.38,7.11,10.49,3
2024-07-10 00:08:00,2024-07-10 00:34:00,168,195,2,3.84,6.79,6.05,12.84,2
2024-06-26 11:51:00,2024-06-26 12:01:00,48,148,6,9.13,9.92,7.35,17.27,4
2024-06-08 05:37:00,2024-06-08 06:05:00,176,193,5,11.78,37.79,1.63,39.42,1
2024-07-11 09:41:00,2024-07-11 10:05:00,6,3,4,11.84,33.65,9.18,42.83,2
2024-07-21 23:45:00,2024-07-21 23:57:00,21,184,6,12.39,20.77,4.09,24.86,1
2024-08-04 06:52:00,2024-08-04 07:12:00,133,29,1,11.45,26.43,2.28,28.71,3
2024-06-21 08:52:00,2024-06-21 08:59:00,143,121,6,1.22,18.98,3.12,22.1,3
2024-08-03 10:21:00,2024-08-03 10:45:00,29,24,6,5.2,5.79,4.27,10.06,4
2024-07-03 02:05:00,2024-07-03 02:35:00,17,106,3,12.61,5.19,9.88,15.07,4
2024-07-10 17:03:00,2024-07-10 17:22:00,2,91,1,2.83,39.3,4.51,43.81,2
2024-07-15 06:44:00,2024-07-15 07:06:00,57,197,1,2.94,37.32,2.85,40.17,4
2024-07-20 12:50:00,2024-07-20 13:19:00,63,184,1,7.15,7.81,2.61,10.42,2
2024-07-28 12:02:00,2024-07-28 12:25:00,94,114,5,7.01,4.06,0.83,4.89,3
2024-07-26 05:24:00,2024-07-26 05:41:00,109,103,2,9.58,7.88,7.58,15.46,1
2024-07-19 07:24:00,2024-07-19 07:42:00,255,114,4,9.6,3.64,6.15,9.79,3
2024-06-28 23:31:00,2024-06-28 23:57:00,176,68,6,12.3,8.75,1.81,10.56,3
2024-07-23 04:35:00,2024-07-23 05:05:00,139,203,5,14.85,4.9,9.72,14.62,2
2024-08-04 16:52:00,2024-08-04 17:03:00,141,61,5,1.27,11.23,6.34,17.57,1
2024-07-23 21:55:00,2024-07-23 22:16:00,242,122,2,14.53,26.17,5.79,31.96,2
2024-06-22 23:42:00,2024-06-23 00:01:00,46,236,6,6.17,38.34,7.53,45.87,3
2024-07-13 17:16:00,2024-07-13 17:27:00,2,262,6,4.53,30.13,2.98,33.11,3
2024-06-30 17:00:00,2024-06-30 17:15:00,153,206,1,3.71,28.03,1.63,29.66,3
2024-06-24 03:31:00,2024-06-24 03:47:00,60,37,2,7.9,12.9,0.41,13.31,4
2024-07-22 03:01:00,2024-07-22 03:07:00,133,212,3,2.49,18.36,7.97,26.33,2
2024-06-06 20:56:00,2024-06-06 21:23:00,59,56,5,1.96,26.89,4.92,31.81,2
2024-07-21 03:26:00,2024-07-21 03:36:00,103,132,4,8.4,3.95,8.89,12.84,3
2024-06-12 02:00:00,2024-06-12 02:28:00,21,226,3,9.49,5.72,1.94,7.66,2
2024-06-17 12:58:00,2024-06-17 13:05:00,87,16,2,3.55,39.31,6.47,45.78,4
2024-06-22 04:59:00,2024-06-22 05:16:00,31,96,3,1.55,38.58,4.95,43.53,4
2024-06-24 10:43:00,2024-06-24 10:53:00,163,22,6,4.66,38.2,4.06,42.26,2
2024-08-04 07:17:00,2024-08-04 07:40:00,92,151,1,0.71,13.56,6.22,19.78,4
2024-08-09 02:28:00,2024-08-09 02:34:00,59,141,3,3.75,29.54,0.01,29.55,3
2024-06-18 12:41:00,2024-06-18 13:07:00,239,54,3,8.72,4.99,9.84,14.83,1
2024-08-03 12:58:00,2024-08-03 13:26:00,220,163,1,13.43,6.86,1.67,8.53,4
2024-07-24 05:03:00,2024-07-24 05:13:00,196,155,6,6.57,11.44,2.71,14.15,2
2024-07-29 03:00:00,2024-07-29 03:19:00,191,34,3,10.01,30.8,2.92,33.72,1
2024-06-20 09:32:00,2024-06-20 09:57:00,173,264,6,11.58,6.37,7.26,13.63,3
2024-06-30 08:36:00,2024-06-30 08:47:00,210,118,3,9.3,7.64,5.25,12.89,4
2024-07-30 02:37:00,2024-07-30 02:51:00,242,26,3,3.13,31.14,9.26,40.4,3
2024-08-03 04:22:00,2024-08-03 04:35:00,21,90,2,1.58,26.91,7.46,34.37,1
2024-07-13 23:58:00,2024-07-14 00:19:00,42,98,3,10.39,19.14,2.78,21.92,2
2024-06-08 23:56:00,2024-06-09 00:04:00,174,180,6,4.12,14.98,4.57,19.55,1
2024-07-24 21:55:00,2024-07-24 22:24:00,23,86,6,13.15,6.98,7.58,14.56,2
2024-06-20 09:04:00,2024-06-20 09:31:00,1,29,5,5.29,12.98,8.96,21.94,1
2024-07-20 20:13:00,2024-07-20 20:40:00,92,99,5,7.0,19.73,5.15,24.88,1
2024-06-29 02:54:00,2024-06-29 03:17:00,227,184,4,9.58,20.49,4.01,24.5,1
2024-06-03 20:16:00,2024-06-03 20:43:00,224,69,3,9.66,31.52,5.89,37.41,4
2024-06-09 12:27:00,2024-06-09 12:44:00,128,144,3,4.74,6.94,3.24,10.18,2
2024-08-04 01:49:00,2024-08-04 02:10:00,261,41,4,5.37,29.3,7.9,37.2,2
2024-07-14 12:19:00,2024-07-14 12:45:00,64,105,5,8.94,28.07,4.19,32.26,3
2024-07-04 14:03:00,2024-07-04 14:22:00,47,178,4,11.17,31.74,9.11,40.85,1
2024-08-06 04:59:00,2024-08-06 05:09:00,72,60,3,11.51,38.4,0.14,38.54,1
2024-07-21 22:11:00,2024-07-21 22:35:00,211,28,6,10.77,24.41,7.37,31.78,3
2024-07-14 18:24:00,2024-07-14 18:33:00,176,221,1,13.82,6.82,1.11,7.93,4
2024-07-26 23:46:00,2024-07-26 23:59:00,180,154,3,6.65,3.12,4.19,7.31,4
2024-06-04 05:37:00,2024-06-04 06:03:00,174,182,3,2.91,11.08,2.12,13.2,4
2024-07-07 12:28:00,2024-07-07 12:42:00,115,229,6,8.09,16.57,6.87,23.44,4
2024-06-10 02:23:00,2024-06-10 02:28:00,197,3,1,10.53,17.16,2.16,19.32,1
2024-06-08 02:53:00,2024-06-08 03:01:00,62,214,1,7.5,6.35,6.41,12.76,4
2024-08-01 11:18:00,2024-08-01 11:40:00,208,206,1,12.69,23.96,1.82,25.78,3
2024-07-14 07:05:00,2024-07-14 07:13:00,33,47,2,5.13,32.1,8.08,40.18,2
2024-06-01 09:23:00,2024-06-01 09:51:00,260,135,2,12.85,34.05,5.14,39.19,1
2024-07-08 10:54:00,2024-07-08 11:14:00,215,60,5,11.79,33.29,3.45,36.74,3
2024-07-29 19:01:00,2024-07-29 19:10:00,174,242,4,13.73,31.52,2.13,33.65,1
2024-06-25 02:20:00,2024-06-25 02:38:00,153,12,5,12.12,22.0,8.78,30.78,1
2024-06-25 01:40:00,2024-06-25 01:51:00,214,135,4,14.9,28.64,6.24,34.88,4
2024-06-16 19:13:00,2024-06-16 19:27:00,188,150,4,3.19,13.78,3.88,17.66,3
2024-07-05 11:00:00,2024-07-05 11:13:00,52,163,2,9.85,13.73,3.92,17.65,1
2024-06-30 08:03:00,2024-06-30 08:21:00,17,81,6,5.61,31.77,0.28,32.05,4
2024-07-01 04:15:00,2024-07-01 04:29:00,137,69,5,8.34,14.05,8.35,22.4,2
2024-08-04 04:12:00,2024-08-04 04:40:00,156,92,3,14.46,3.13,5.92,9.05,3
2024-08-03 14:54:00,2024-08-03 15:00:00,200,102,6,14.68,9.07,6.35,15.42,1
2024-07-08 00:06:00,2024-07-08 00:33:00,99,191,2,4.39,27.34,3.74,31.08,3
2024-07-10 18:45:00,2024-07-10 18:59:00,217,13,6,0.59,28.39,0.01,28.4,4
2024-06-08 04:36:00,2024-06-08 04:41:00,116,116,4,7.93,28.67,8.64,37.31,1
2024-06-22 10:18:00,2024-06-22 10:39:00,233,93,2,10.42,16.31,1.15,17.46,4
2024-06-07 13:33:00,2024-06-07 13:55:00,194,128,6,6.03,16.45,1.01,17.46,3
2024-08-09 05:42:00,2024-08-09 06:05:00,34,184,3,8.79,4.58,2.15,6.73,3
2024-07-20 12:04:00,2024-07-20 12:28:00,223,110,1,11.4,30.16,0.91,31.07,3
2024-07-18 00:33:00,2024-07-18 00:58:00,104,1,6,12.86,12.5,7.82,20.32,4
2024-07-25 19:37:00,2024-07-25 19:58:00,208,237,2,8.38,22.78,3.26,26.04,4
2024-07-29 04:32:00,2024-07-29 04:41:00,46,195,6,8.88,38.65,9.48,48.13,4
2024-06-14 08:56:00,2024-06-14 09:13:00,255,200,3,4.16,27.92,0.68,28.6,2
2024-06-15 03:44:00,2024-06-15 03:54:00,75,7,2,9.5,18.33,4.06,22.39,1
2024-06-20 12:07:00,2024-06-20 12:18:00,32,235,1,1.32,13.09,9.09,22.18,4
2024-06-26 02:42:00,2024-06-26 02:56:00,68,36,1,12.26,18.15,2.62,20.77,4
2024-07-16 20:50:00,2024-07-16 21:19:00,3,122,3,4.74,25.5,8.96,34.46,3
2024-07-25 10:09:00,2024-07-25 10:14:00,3,146,3,12.13,37.78,3.01,40.79,2
2024-07-16 09:49:00,2024-07-16 10:04:00,52,173,6,13.99,14.17,3.86,18.03,3
2024-07-14 08:01:00,2024-07-14 08:29:00,69,13,6,12.76,10.73,4.67,15.4,1
2024-07-15 20:22:00,2024-07-15 20:50:00,195,124,3,12.96,15.78,2.72,18.5,1
2024-07-31 12:32:00,2024-07-31 13:01:00,12,233,4,10.66,39.89,1.59,41.48,4
2024-06-20 10:27:00,2024-06-20 10:56:00,230,249,6,2.91,13.21,6.38,19.59,2
2024-06-16 18:19:00,2024-06-16 18:43:00,86,172,1,5.46,6.78,3.8,10.58,4
2024-06-30 03:22:00,2024-06-30 03:28:00,247,9,2,4.34,34.81,7.47,42.28,2
2024-07-07 18:37:00,2024-07-07 19:03:00,99,226,6,6.97,29.78,7.41,37.19,1
2024-06-08 17:12:00,2024-06-08 17:26:00,244,252,6,2.89,3.81,9.33,13.14,3
2024-08-01 02:39:00,2024-08-01 03:05:00,220,186,3,1.04,28.34,5.43,33.77,1
2024-07-14 02:36:00,2024-07-14 03:00:00,211,130,5,1.7,5.43,9.41,14.84,1
2024-06-09 03:01:00,2024-06-09 03:09:00,20,237,5,13.29,4.6,8.18,12.78,1
2024-06-17 20:43:00,2024-06-17 21:13:00,134,20,5,10.67,14.24,0.74,14.98,3
2024-06-01 10:58:00,2024-06-01 11:17:00,10,114,3,6.12,15.98,5.17,21.15,2
2024-06-20 21:59:00,2024-06-20 22:25:00,80,211,2,12.28,18.22,2.14,20.36,3
2024-07-08 19:49:00,2024-07-08 20:09:00,88,177,3,13.06,16.01,9.66,25.67,4
2024-07-16 21:11:00,2024-07-16 21:17:00,245,96,1,9.45,23.35,4.79,28.14,2
2024-07-12 11:51:00,2024-07-12 12:21:00,121,175,1,14.85,26.87,4.61,31.48,1
2024-06-13 22:35:00,2024-06-13 22:49:00,235,117,6,8.82,13.86,6.76,20.62,1
2024-06-23 07:05:00,2024-06-23 07:34:00,223,71,1,11.08,4.71,9.94,14.65,4
2024-08-06 05:48:00,2024-08-06 06:00:00,163,5,2,8.44,17.52,0.98,18.5,2
2024-08-08 21:49:00,2024-08-08 22:04:00,115,210,5,4.69,30.72,2.88,33.6,3
2024-06-29 16:12:00,2024-06-29 16:37:00,225,139,1,12.15,6.29,9.68,15.97,4
2024-07-19 15:34:00,2024-07-19 15:45:00,201,113,1,5.48,35.91,1.22,37.13,2
2024-07-10 18:24:00,2024-07-10 18:47:00,227,164,6,3.54,12.43,0.4,12.83,1
2024-06-11 11:11:00,2024-06-11 11:22:00,90,94,2,4.83,12.08,9.34,21.42,3
2024-06-02 18:11:00,2024-06-02 18:35:00,119,196,1,1.37,27.41,4.73,32.14,2
2024-08-09 13:03:00,2024-08-09 13:19:00,199,254,3,14.72,37.95,6.84,44.79,3
2024-06-14 08:12:00,2024-06-14 08:19:00,213,130,1,14.54,31.26,1.29,32.55,4
2024-08-04 21:41:00,2024-08-04 21:47:00,262,85,2,9.21,3.2,6.67,9.87,4
2024-07-14 05:44:00,2024-07-14 05:53:00,119,192,5,7.88,14.12,0.9,15.02,3
2024-07-20 08:33:00,2024-07-20 08:40:00,72,92,2,8.32,28.02,7.27,35.29,2
2024-06-05 07:23:00,2024-06-05 07:42:00,92,40,3,12.37,12.34,4.38,16.72,3
2024-07-18 11:54:00,2024-07-18 12:08:00,100,123,5,2.09,33.09,6.09,39.18,3
2024-06-23 20:11:00,2024-06-23 20:25:00,20,257,3,1.06,17.78,7.6,25.38,4
2024-06-15 15:47:00,2024-06-15 16:15:00,80,149,2,12.65,28.07,0.38,28.45,1
2024-06-10 02:53:00,2024-06-10 03:11:00,22,37,5,9.92,7.85,1.76,9.61,2
2024-06-17 09:33:00,2024-06-17 09:59:00,76,93,4,3.61,30.45,6.22,36.67,1
2024-08-05 07:06:00,2024-08-05 07:25:00,31,258,3,2.3,3.3,1.38,4.68,3
2024-07-10 20:55:00,2024-07-10 21:20:00,171,40,3,0.59,6.88,6.55,13.43,3
2024-07-22 05:08:00,2024-07-22 05:32:00,144,10,5,5.91,31.1,1.41,32.51,3
2024-07-30 18:45:00,2024-07-30 19:09:00,245,216,4,14.78,31.83,9.74,41.57,1
2024-07-07 21:40:00,2024-07-07 21:52:00,164,132,3,14.88,38.67,4.65,43.32,3
2024-06-25 05:10:00,2024-06-25 05:24:00,93,34,3,12.91,6.68,4.45,11.13,3
2024-07-17 12:49:00,2024-07-17 12:55:00,34,161,2,7.07,14.32,5.4,19.72,2
2024-06-26 03:00:00,2024-06-26 03:10:00,217,169,3,9.02,22.06,5.2,27.26,1
2024-06-19 12:04:00,2024-06-19 12:27:00,234,30,4,9.5,39.73,0.82,40.55,1
2024-07-16 06:06:00,2024-07-16 06:12:00,217,179,5,2.36,14.3,3.91,18.21,1
2024-07-05 21:45:00,2024-07-05 22:11:00,138,239,3,1.11,25.64,4.41,30.05,3
2024-06-12 04:40:00,2024-06-12 05:08:00,78,103,5,12.15,34.35,8.46,42.81,2
2024-06-24 11:44:00,2024-06-24 11:51:00,121,83,2,6.8,37.82,9.38,47.2,4
2024-07-14 04:15:00,2024-07-14 04:31:00,264,65,6,14.11,19.81,0.35,20.16,3
2024-07-20 00:23:00,2024-07-20 00:51:00,22,141,1,11.8,31.85,6.68,38.53,2
2024-06-16 04:24:00,2024-06-16 04:49:00,18,265,3,1.29,28.34,5.9,34.24,3
2024-07-01 16:06:00,2024-07-01 16:33:00,83,18,3,3.9,9.51,9.16,18.67,1
2024-07-25 22:41:00,2024-07-25 23:02:00,188,25,6,10.37,38.2,3.78,41.98,1
2024-07-15 14:07:00,2024-07-15 14:14:00,181,165,4,10.64,12.49,6.07,18.56,1
2024-07-10 14:27:00,2024-07-10 14:37:00,113,76,5,14.57,36.4,3.58,39.98,4
2024-08-05 19:04:00,2024-08-05 19:29:00,203,106,4,6.57,17.82,9.62,27.44,1
2024-07-08 15:27:00,2024-07-08 15:46:00,241,259,5,7.99,38.37,2.68,41.05,2
2024-08-09 04:25:00,2024-08-09 04:37:00,254,236,3,14.0,11.47,7.76,19.23,1
2024-07-18 03:14:00,2024-07-18 03:33:00,257,96,5,5.5,9.82,5.83,15.65,1
2024-08-05 00:54:00,2024-08-05 01:00:00,26,73,3,4.32,13.65,9.12,22.77,2
2024-07-21 14:56:00,2024-07-21 15:12:00,97,236,1,0.9,12.87,4.52,17.39,2
2024-08-01 14:32:00,2024-08-01 14:59:00,222,62,2,9.1,31.29,7.8,39.09,3
2024-06-22 05:06:00,2024-06-22 05:34:00,114,156,3,4.97,38.14,4.75,42.89,2
2024-06-20 01:20:00,2024-06-20 01:48:00,204,45,4,12.36,36.34,0.71,37.05,4
2024-06-12 09:19:00,2024-06-12 09:27:00,61,39,5,3.13,27.9,0.01,27.91,1
2024-06-18 06:08:00,2024-06-18 06:27:00,76,129,3,8.09,38.75,9.28,48.03,4
2024-06-26 03:54:00,2024-06-26 04:19:00,225,98,5,1.89,9.86,4.32,14.18,2
2024-08-01 03:06:00,2024-08-01 03:23:00,16,82,4,4.88,8.17,6.27,14.44,1
2024-06-03 23:34:00,2024-06-03 23:52:00,186,79,1,1.82,20.7,8.02,28.72,2
2024-06-20 13:42:00,2024-06-20 14:12:00,87,144,1,2.34,34.56,4.55,39.11,3
2024-07-02 05:53:00,2024-07-02 06:19:00,79,202,5,6.83,8.28,5.39,13.67,4
2024-07-13 08:29:00,2024-07-13 08:45:00,33,168,2,5.16,33.88,9.49,43.37,1
2024-08-01 18:41:00,2024-08-01 18:48:00,81,89,1,8.14,24.1,3.54,27.64,3
2024-06-24 16:02:00,2024-06-24 16:13:00,80,227,5,8.65,11.66,1.43,13.09,1
2024-07-09 05:57:00,2024-07-09 06:08:00,203,72,2,10.75,31.32,9.03,40.35,1
2024-07-25 04:12:00,2024-07-25 04:24:00,256,211,5,10.1,9.82,9.19,19.01,3
2024-08-02 18:46:00,2024-08-02 19:08:00,53,140,6,13.84,6.76,1.37,8.13,1
2024-07-02 06:16:00,2024-07-02 06:44:00,27,12,5,12.85,33.66,0.72,34.38,3
2024-06-24 18:11:00,2024-06-24 18:39:00,246,192,4,14.15,31.92,5.45,37.37,4
2024-08-08 12:37:00,2024-08-08 12:52:00,102,102,4,12.78,24.36,2.32,26.68,2
2024-06-07 23:38:00,2024-06-07 23:58:00,13,193,4,11.9,8.32,9.21,17.53,4
2024-08-03 18:27:00,2024-08-03 18:36:00,101,36,5,13.96,25.97,1.68,27.65,3
2024-07-05 05:52:00,2024-07-05 06:15:00,105,134,4,0.58,32.11,8.18,40.29,1
2024-06-07 17:17:00,2024-06-07 17:28:00,188,162,6,7.31,20.59,5.14,25.73,3
2024-08-04 20:56:00,2024-08-04 21:11:00,223,57,3,12.46,30.01,4.15,34.16,2
2024-06-04 16:21:00,2024-06-04 16:34:00,125,244,6,13.79,30.82,0.01,30.83,2
2024-06-06 12:47:00,2024-06-06 13:05:00,155,207,2,8.02,11.93,2.05,13.98,1
2024-07-28 11:22:00,2024-07-28 11:32:00,104,63,6,14.9,39.03,6.32,45.35,4
2024-07-29 05:31:00,2024-07-29 06:01:00,220,215,5,1.78,10.93,0.68,11.61,1
2024-08-05 11:12:00,2024-08-05 11:35:00,181,227,1,9.74,31.28,9.88,41.16,3
2024-07-10 22:05:00,2024-07-10 22:15:00,189,176,6,1.45,3.99,7.62,11.61,2
2024-07-10 07:17:00,2024-07-10 07:25:00,27,227,6,10.41,20.67,2.93,23.6,2
2024-07-13 15:41:00,2024-07-13 16:03:00,153,48,1,13.24,16.12,4.97,21.09,2
2024-06-18 13:25:00,2024-06-18 13:47:00,226,18,6,7.66,35.85,2.47,38.32,3
2024-07-05 04:59:00,2024-07-05 05:20:00,60,171,4,8.93,13.52,3.96,17.48,3
2024-07-07 20:55:00,2024-07-07 21:06:00,227,138,1,8.19,16.8,8.6,25.4,3
2024-08-07 18:13:00,2024-08-07 18:36:00,16,198,1,10.51,17.02,6.25,23.27,1
2024-06-22 12:18:00,2024-06-22 12:33:00,98,6,4,2.65,35.48,9.22,44.7,2
2024-06-08 05:56:00,2024-06-08 06:02:00,257,82,2,11.58,34.41,6.75,41.16,3
2024-06-12 02:42:00,2024-06-12 02:57:00,123,177,1,13.28,35.08,1.62,36.7,1
2024-07-06 19:11:00,2024-07-06 19:31:00,234,5,5,4.71,32.17,0.32,32.49,4
2024-07-03 05:30:00,2024-07-03 05:59:00,23,147,3,12.91,25.71,9.72,35.43,2
2024-06-20 15:26:00,2024-06-20 15:33:00,247,228,1,9.85,27.2,7.0,34.2,4
2024-06-10 06:58:00,2024-06-10 07:06:00,201,68,4,1.25,19.54,2.88,22.42,4
2024-07-31 07:43:00,2024-07-31 07:54:00,218,170,2,4.02,17.78,7.92,25.7,2
2024-06-09 19:47:00,2024-06-09 19:53:00,241,151,1,12.55,19.84,8.85,28.69,4
2024-07-21 03:21:00,2024-07-21 03:27:00,45,153,3,1.27,34.63,9.88,44.51,1
2024-06-26 19:19:00,2024-06-26 19:36:00,102,48,5,6.56,3.65,5.45,9.1,1
2024-07-20 17:46:00,2024-07-20 18:06:00,203,255,6,12.0,18.69,9.76,28.45,3
2024-07-08 09:43:00,2024-07-08 10:08:00,38,128,1,4.98,28.31,2.9,31.21,1
2024-06-04 02:42:00,2024-06-04 03:02:00,140,58,5,2.73,29.01,8.5,37.51,4
2024-07-05 09:51:00,2024-07-05 10:08:00,229,54,6,4.16,19.05,5.19,24.24,1
2024-06-27 00:55:00,2024-06-27 01:20:00,89,124,3,10.82,15.2,0.64,15.84,3
2024-06-16 03:58:00,2024-06-16 04:18:00,225,227,5,11.04,5.09,9.49,14.58,3
2024-06-21 18:04:00,2024-06-21 18:12:00,151,252,6,2.28,27.35,7.62,34.97,3
2024-06-10 22:12:00,2024-06-10 22:37:00,191,257,2,12.36,10.62,8.66,19.28,4
2024-06-09 23:01:00,2024-06-09 23:08:00,101,241,3,12.57,19.68,5.9,25.58,1
2024-06-26 14:25:00,2024-06-26 14:47:00,139,125,1,10.68,17.73,4.94,22.67,1
2024-06-16 02:50:00,2024-06-16 03:07:00,94,146,1,9.39,5.52,1.96,7.48,2
2024-08-04 14:37:00,2024-08-04 14:53:00,173,124,5,6.67,8.85,4.33,13.18,2
2024-06-13 16:03:00,2024-06-13 16:12:00,160,178,1,1.42,3.47,5.74,9.21,3
2024-06-09 05:00:00,2024-06-09 05:11:00,42,88,4,4.27,29.86,0.08,29.94,1
2024-07-06 08:20:00,2024-07-06 08:44:00,253,57,3,10.23,18.49,4.64,23.13,1
2024-07-19 09:04:00,2024-07-19 09:27:00,31,205,6,5.85,3.76,7.05,10.81,3
2024-07-10 03:01:00,2024-07-10 03:10:00,146,253,4,9.95,34.74,5.01,39.75,4
2024-07-19 08:06:00,2024-07-19 08:26:00,93,204,4,1.07,3.35,7.48,10.83,3
2024-06-14 07:39:00,2024-06-14 07:51:00,240,67,4,13.28,36.63,4.66,41.29,2
2024-07-13 22:52:00,2024-07-13 23:21:00,98,31,4,8.69,25.73,8.65,34.38,2
2024-07-19 10:22:00,2024-07-19 10:43:00,1,246,6,12.09,6.75,9.06,15.81,4
2024-06-21 14:21:00,2024-06-21 14:32:00,61,253,6,14.55,36.67,7.66,44.33,1
2024-06-30 12:06:00,2024-06-30 12:28:00,14,34,4,10.65,20.15,3.46,23.61,4
2024-06-01 09:13:00,2024-06-01 09:29:00,223,116,2,7.22,35.7,7.6,43.3,3
2024-07-15 13:53:00,2024-07-15 14:18:00,115,172,5,9.62,34.45,0.28,34.73,3
2024-07-03 17:56:00,2024-07-03 18:17:00,221,184,2,7.61,34.58,6.48,41.06,1
2024-06-23 09:20:00,2024-06-23 09:28:00,32,65,4,1.59,32.3,4.7,37.0,4
2024-07-21 06:56:00,2024-07-21 07:18:00,214,259,2,11.94,15.66,2.95,18.61,4
2024-08-02 11:56:00,2024-08-02 12:25:00,22,265,2,12.45,37.38,6.56,43.94,2
2024-07-12 01:39:00,2024-07-12 01:56:00,13,40,2,9.04,39.89,5.54,45.43,4
2024-08-04 05:40:00,2024-08-04 05:55:00,86,147,1,8.26,9.28,8.39,17.67,2
2024-07-19 00:56:00,2024-07-19 01:11:00,47,7,6,12.04,20.12,7.69,27.81,1
2024-06-08 08:13:00,2024-06-08 08:21:00,77,223,5,9.7,5.33,5.99,11.32,4
2024-07-02 16:51:00,2024-07-02 17:03:00,38,243,5,8.28,11.98,8.79,20.77,3
2024-07-20 15:19:00,2024-07-20 15:38:00,233,52,5,10.75,16.98,2.6,19.58,4
2024-07-20 23:06:00,2024-07-20 23:20:00,178,146,6,13.26,22.62,5.95,28.57,2
2024-06-09 11:44:00,2024-06-09 12:10:00,95,164,6,3.34,32.7,0.68,33.38,2
2024-07-02 09:53:00,2024-07-02 10:02:00,201,103,2,5.14,16.95,9.08,26.03,2
2024-06-24 11:10:00,2024-06-24 11:19:00,25,185,6,1.44,33.17,3.29,36.46,1
2024-06-07 21:57:00,2024-06-07 22:14:00,7,23,1,5.65,35.08,3.46,38.54,3
2024-07-22 14:13:00,2024-07-22 14:35:00,244,96,5,10.52,25.14,1.25,26.39,2
2024-06-11 02:06:00,2024-06-11 02:30:00,243,46,4,6.64,15.63,9.03,24.66,4
2024-07-17 09:42:00,2024-07-17 09:59:00,94,205,5,6.7,28.67,7.27,35.94,2
2024-07-22 17:28:00,2024-07-22 17:51:00,102,119,3,5.09,9.63,4.84,14.47,2
2024-06-10 20:42:00,2024-06-10 20:59:00,199,73,2,1.04,36.16,1.0,37.16,2
2024-06-13 12:52:00,2024-06-13 12:57:00,155,213,1,7.85,15.4,8.81,24.21,1
2024-07-11 15:19:00,2024-07-11 15:48:00,226,236,3,3.31,12.66,3.5,16.16,1
2024-07-30 17:50:00,2024-07-30 18:20:00,244,174,3,13.99,36.41,9.68,46.09,4
2024-07-15 10:08:00,2024-07-15 10:26:00,110,37,4,1.62,18.82,9.8,28.62,1
2024-07-30 19:58:00,2024-07-30 20:27:00,163,34,2,8.58,5.99,5.69,11.68,3
2024-06-27 03:53:00,2024-06-27 04:00:00,99,241,4,7.68,19.74,9.91,29.65,3
2024-06-29 01:35:00,2024-06-29 01:43:00,137,188,4,6.87,27.6,4.09,31.69,3
2024-06-22 15:18:00,2024-06-22 15:39:00,86,2,1,4.95,36.95,7.71,44.66,4
2024-08-02 07:06:00,2024-08-02 07:20:00,95,62,5,1.91,31.19,3.92,35.11,2
2024-06-07 13:25:00,2024-06-07 13:43:00,41,207,6,5.74,30.21,1.46,31.67,4
2024-07-12 17:30:00,2024-07-12 17:49:00,132,12,4,8.37,14.97,4.52,19.49,4
2024-07-21 18:16:00,2024-07-21 18:40:00,48,80,6,2.16,38.81,5.74,44.55,2
2024-06-26 09:22:00,2024-06-26 09:34:00,156,238,6,10.4,32.5,2.24,34.74,2
2024-07-09 09:56:00,2024-07-09 10:11:00,59,163,2,12.44,21.75,7.84,29.59,3
2024-06-26 14:50:00,2024-06-26 15:06:00,135,47,2,4.36,26.69,6.58,33.27,2
2024-07-25 12:29:00,2024-07-25 12:42:00,85,166,4,7.02,8.6,3.22,11.82,4
2024-06-23 13:17:00,2024-06-23 13:29:00,68,101,2,6.46,26.52,5.41,31.93,3
2024-07-14 01:38:00,2024-07-14 01:43:00,209,178,6,7.02,28.6,2.37,30.97,1
2024-07-05 00:52:00,2024-07-05 00:59:00,96,46,3,1.42,5.18,0.81,5.99,1
2024-07-31 18:17:00,2024-07-31 18:35:00,90,119,5,8.72,26.0,9.9,35.9,3
2024-06-23 03:16:00,2024-06-23 03:38:00,10,144,5,10.4,37.05,0.22,37.27,2
2024-08-08 21:37:00,2024-08-08 21:54:00,207,92,4,11.76,25.63,2.29,27.92,1
2024-06-09 10:50:00,2024-06-09 11:19:00,247,261,5,2.76,16.99,0.16,17.15,3
2024-07-19 04:55:00,2024-07-19 05:18:00,116,175,1,6.39,35.48,6.88,42.36,3
2024-08-03 20:43:00,2024-08-03 20:55:00,55,236,6,8.97,4.13,7.07,11.2,1
2024-07-07 08:00:00,2024-07-07 08:24:00,158,130,4,12.08,20.0,0.0,20.0,3
2024-06-02 05:09:00,2024-06-02 05:16:00,193,155,2,0.6,39.95,5.51,45.46,2
2024-06-27 09:43:00,2024-06-27 10:01:00,134,143,4,5.64,36.79,6.98,43.77,3
2024-06-19 01:45:00,2024-06-19 02:14:00,173,34,6,14.44,22.43,9.74,32.17,3
2024-07-15 12:27:00,2024-07-15 12:57:00,180,215,5,11.28,6.56,0.42,6.98,3
2024-06-19 19:31:00,2024-06-19 19:56:00,170,176,1,7.95,18.62,7.99,26.61,4
2024-06-22 23:12:00,2024-06-22 23:19:00,167,231,1,13.94,16.82,9.51,26.33,1
2024-06-22 03:36:00,2024-06-22 03:59:00,154,113,1,3.41,32.88,9.52,42.4,4
2024-06-21 12:41:00,2024-06-21 13:05:00,147,155,3,9.88,33.76,4.81,38.57,1
2024-07-07 15:42:00,2024-07-07 15:54:00,25,164,5,14.28,13.97,1.82,15.79,1
2024-07-30 19:06:00,2024-07-30 19:36:00,123,241,6,1.02,19.78,4.73,24.51,4
2024-07-08 01:58:00,2024-07-08 02:27:00,226,42,4,9.95,3.89,9.26,13.15,2
2024-06-16 15:40:00,2024-06-16 15:52:00,54,77,5,10.57,30.21,8.5,38.71,4
2024-06-08 04:18:00,2024-06-08 04:42:00,120,92,1,5.98,21.48,8.48,29.96,2
2024-06-29 03:09:00,2024-06-29 03:25:00,122,252,4,4.36,32.36,0.81,33.17,3
2024-06-11 14:06:00,2024-06-11 14:20:00,190,209,5,3.77,28.48,6.42,34.9,3
2024-06-06 16:47:00,2024-06-06 17:12:00,77,84,6,4.36,11.04,0.98,12.02,2
2024-06-26 19:53:00,2024-06-26 20:06:00,152,175,6,4.48,8.83,2.32,11.15,4
2024-06-06 16:26:00,2024-06-06 16:39:00,122,38,4,9.0,33.16,4.86,38.02,2
2024-06-16 06:23:00,2024-06-16 06:48:00,63,55,4,3.1,33.85,1.84,35.69,4
2024-06-23 17:46:00,2024-06-23 18:16:00,86,48,1,7.09,14.61,2.33,16.94,2
2024-07-08 18:33:00,2024-07-08 18:57:00,57,104,6,8.68,10.11,5.12,15.23,2
2024-07-08 04:56:00,2024-07-08 05:19:00,59,83,6,8.06,13.06,0.44,13.5,3
2024-07-08 13:37:00,2024-07-08 13:45:00,33,166,6,6.68,39.62,3.38,43.0,2
2024-06-20 10:45:00,2024-06-20 11:07:00,201,41,1,3.6,7.02,8.3,15.32,2
2024-06-14 00:05:00,2024-06-14 00:32:00,111,96,6,12.65,38.92,4.35,43.27,4
2024-07-14 17:48:00,2024-07-14 18:02:00,220,69,6,11.09,30.77,9.43,40.2,4
2024-07-26 20:30:00,2024-07-26 20:54:00,101,60,1,7.15,22.49,1.25,23.74,4
2024-06-24 01:52:00,2024-06-24 02:15:00,42,20,5,12.7,12.18,6.15,18.33,3
2024-07-24 02:32:00,2024-07-24 02:57:00,140,119,2,6.41,10.57,8.33,18.9,1
2024-06-26 12:12:00,2024-06-26 12:30:00,228,81,5,8.44,21.17,4.02,25.19,3
2024-06-19 23:48:00,2024-06-20 00:03:00,87,226,5,7.63,23.02,2.51,25.53,4
2024-06-12 20:23:00,2024-06-12 20:29:00,72,257,1,6.64,15.01,0.65,15.66,3
2024-06-13 00:48:00,2024-06-13 01:02:00,261,69,3,5.74,33.76,2.44,36.2,3
2024-06-22 14:47:00,2024-06-22 14:56:00,187,69,3,5.32,9.95,3.43,13.38,2
2024-07-19 10:44:00,2024-07-19 11:02:00,74,228,5,12.23,20.35,0.23,20.58,2
2024-07-05 17:05:00,2024-07-05 17:34:00,67,208,5,8.13,8.04,8.51,16.55,2
2024-08-07 10:04:00,2024-08-07 10:16:00,4,234,1,9.81,8.06,6.92,14.98,4
2024-08-05 01:17:00,2024-08-05 01:38:00,75,165,2,8.52,20.23,1.21,21.44,2
2024-08-07 19:47:00,2024-08-07 19:57:00,186,204,3,13.55,33.2,3.02,36.22,3
2024-06-22 01:07:00,2024-06-22 01:34:00,26,46,1,2.98,17.05,9.58,26.63,3
2024-07-26 06:43:00,2024-07-26 07:05:00,40,202,4,1.64,23.17,6.04,29.21,2
2024-07-22 21:35:00,2024-07-22 22:04:00,242,10,1,11.02,23.84,3.81,27.65,1
2024-08-04 00:36:00,2024-08-04 01:00:00,140,228,5,14.42,30.89,9.67,40.56,2
2024-07-20 10:57:00,2024-07-20 11:13:00,189,204,4,7.38,26.72,7.06,33.78,2
2024-06-26 10:08:00,2024-06-26 10:20:00,78,152,1,2.37,3.47,6.29,9.76,3
2024-07-25 03:17:00,2024-07-25 03:46:00,194,58,4,10.08,13.17,2.79,15.96,2
2024-06-03 06:48:00,2024-06-03 06:54:00,120,196,4,11.14,15.49,7.66,23.15,3
2024-06-25 15:40:00,2024-06-25 15:57:00,15,40,3,10.74,34.68,8.4,43.08,4
2024-06-08 16:40:00,2024-06-08 16:49:00,143,221,4,7.5,34.15,8.28,42.43,4
2024-08-08 09:11:00,2024-08-08 09:38:00,124,12,6,13.89,3.54,3.6,7.14,1
2024-07-14 16:16:00,2024-07-14 16:22:00,140,25,2,3.46,21.81,4.42,26.23,4
2024-07-12 22:48:00,2024-07-12 23:10:00,114,243,3,14.3,35.71,9.57,45.28,4
2024-07-07 03:59:00,2024-07-07 04:11:00,141,253,5,5.23,30.15,7.73,37.88,4
2024-06-19 21:33:00,2024-06-19 21:57:00,145,233,3,14.49,8.78,4.47,13.25,1
2024-08-09 02:26:00,2024-08-09 02:54:00,118,138,5,3.56,29.13,2.05,31.18,3
2024-06-24 13:08:00,2024-06-24 13:35:00,189,52,6,7.17,29.7,3.18,32.88,1
2024-07-16 04:57:00,2024-07-16 05:16:00,183,107,2,14.71,15.63,9.97,25.6,1
2024-06-06 10:55:00,2024-06-06 11:23:00,48,44,6,0.54,35.54,0.25,35.79,1
2024-07-07 04:33:00,2024-07-07 04:39:00,220,231,6,7.09,16.24,5.74,21.98,2
2024-06-02 15:34:00,2024-06-02 16:01:00,195,169,5,13.41,8.41,9.01,17.42,2
2024-06-27 06:05:00,2024-06-27 06:23:00,196,216,5,3.41,32.25,6.92,39.17,3
2024-07-16 00:34:00,2024-07-16 01:02:00,220,76,3,0.57,6.9,2.83,9.73,4
2024-07-27 12:35:00,2024-07-27 12:45:00,188,241,2,7.89,30.56,7.88,38.44,2
2024-07-28 01:43:00,2024-07-28 01:58:00,241,96,2,7.91,18.65,7.26,25.91,3
2024-07-17 06:15:00,2024-07-17 06:39:00,116,182,3,14.98,22.56,1.29,23.85,1
2024-07-31 06:48:00,2024-07-31 07:06:00,126,152,1,4.47,5.42,5.12,10.54,4
2024-06-11 14:50:00,2024-06-11 15:14:00,189,185,5,0.98,6.69,9.27,15.96,3
2024-06-10 22:42:00,2024-06-10 22:55:00,241,158,1,7.44,34.35,5.17,39.52,4
2024-06-24 12:36:00,2024-06-24 13:02:00,97,147,2,3.13,32.68,3.8,36.48,2
2024-06-11 06:08:00,2024-06-11 06:38:00,103,79,1,13.68,12.29,6.07,18.36,4
2024-08-04 18:24:00,2024-08-04 18:43:00,42,31,2,9.06,6.5,8.26,14.76,3
2024-06-07 00:16:00,2024-06-07 00:30:00,228,105,4,8.29,38.0,1.49,39.49,4
2024-06-24 21:54:00,2024-06-24 22:21:00,189,108,2,11.35,15.67,1.45,17.12,3
2024-07-05 08:47:00,2024-07-05 08:54:00,162,192,3,12.99,35.92,7.16,43.08,4
2024-08-05 03:55:00,2024-08-05 04:05:00,248,181,5,14.64,19.85,8.74,28.59,2
2024-06-13 23:07:00,2024-06-13 23:36:00,68,42,5,9.32,31.44,2.72,34.16,2
2024-06-28 05:53:00,2024-06-28 06:05:00,137,50,4,10.23,32.29,0.41,32.7,2
2024-06-11 01:23:00,2024-06-11 01:33:00,190,151,1,12.27,4.61,8.33,12.94,3
2024-07-31 11:43:00,2024-07-31 12:01:00,20,63,1,5.79,19.65,1.95,21.6,4
2024-06-21 19:04:00,2024-06-21 19:27:00,257,69,4,11.22,33.28,3.36,36.64,2
2024-06-04 03:23:00,2024-06-04 03:48:00,180,169,1,2.46,4.98,8.3,13.28,4
2024-06-01 09:16:00,2024-06-01 09:28:00,145,175,2,9.27,7.67,0.3,7.97,1
2024-07-10 01:28:00,2024-07-10 01:43:00,123,115,1,2.76,12.79,4.84,17.63,4
2024-07-05 18:59:00,2024-07-05 19:10:00,248,144,2,9.07,12.77,1.1,13.87,4
2024-06-22 00:14:00,2024-06-22 00:29:00,248,251,2,1.92,22.27,8.12,30.39,1
2024-07-13 06:37:00,2024-07-13 06:57:00,44,63,5,3.05,10.36,6.63,16.99,2
2024-06-05 10:17:00,2024-06-05 10:28:00,142,231,6,4.92,26.1,0.15,26.25,3
2024-06-06 23:05:00,2024-06-06 23:13:00,240,212,1,2.74,19.84,8.01,27.85,4
2024-06-23 12:02:00,2024-06-23 12:26:00,101,232,6,6.07,34.32,2.17,36.49,4
2024-07-30 14:22:00,2024-07-30 14:46:00,107,113,1,6.66,39.6,6.95,46.55,2
2024-08-01 20:24:00,2024-08-01 20:33:00,59,87,4,0.59,24.96,8.41,33.37,1
2024-06-08 01:52:00,2024-06-08 02:05:00,104,183,1,1.46,34.38,4.34,38.72,3
2024-06-06 06:46:00,2024-06-06 06:55:00,189,40,5,12.47,31.04,2.49,33.53,1
2024-07-10 07:27:00,2024-07-10 07:47:00,214,244,2,0.55,15.91,8.06,23.97,2
2024-07-27 21:35:00,2024-07-27 21:49:00,197,147,4,1.88,24.96,9.95,34.91,4
2024-07-04 21:01:00,2024-07-04 21:21:00,62,21,2,12.23,14.93,7.26,22.19,1
2024-07-26 23:03:00,2024-07-26 23:12:00,146,159,1,4.78,12.98,1.61,14.59,2
2024-06-09 08:48:00,2024-06-09 08:57:00,198,141,2,11.07,36.19,9.86,46.05,1
2024-06-13 05:51:00,2024-06-13 06:17:00,133,251,4,9.41,35.08,1.98,37.06,1
2024-08-01 07:57:00,2024-08-01 08:13:00,112,152,1,4.83,29.28,3.01,32.29,2
2024-06-26 07:04:00,2024-06-26 07:31:00,217,218,4,9.16,30.46,2.94,33.4,2
2024-08-06 06:57:00,2024-08-06 07:03:00,61,77,1,5.27,34.49,1.06,35.55,1
2024-08-09 08:13:00,2024-08-09 08:32:00,3,147,2,5.99,24.41,4.62,29.03,1
2024-07-28 01:54:00,2024-07-28 02:01:00,166,150,1,4.82,16.74,3.11,19.85,1
2024-06-13 13:56:00,2024-06-13 14:08:00,12,248,4,12.4,13.76,4.07,17.83,4
2024-08-09 16:11:00,2024-08-09 16:23:00,157,127,1,11.28,15.27,5.66,20.93,1
2024-06-27 06:58:00,2024-06-27 07:12:00,265,46,1,2.58,7.87,2.29,10.16,4
2024-07-09 01:05:00,2024-07-09 01:10:00,4,230,3,10.02,13.41,8.68,22.09,2
2024-06-04 21:54:00,2024-06-04 22:01:00,44,260,2,4.64,38.05,5.3,43.35,4
2024-08-04 23:27:00,2024-08-04 23:42:00,136,107,6,3.89,25.93,2.6,28.53,3
2024-07-27 03:36:00,2024-07-27 03:43:00,15,17,3,9.78,38.17,6.44,44.61,2
2024-07-19 20:52:00,2024-07-19 21:16:00,137,16,4,4.54,5.19,0.02,5.21,1
2024-07-09 19:10:00,2024-07-09 19:36:00,126,110,4,12.26,6.01,2.07,8.08,3
2024-06-08 02:00:00,2024-06-08 02:27:00,11,34,1,7.75,11.64,2.24,13.88,4
2024-06-26 00:11:00,2024-06-26 00:40:00,44,253,6,2.95,5.39,4.03,9.42,4
2024-06-08 16:00:00,2024-06-08 16:23:00,202,184,2,12.85,15.34,7.74,23.08,4
2024-07-28 20:20:00,2024-07-28 20:45:00,7,90,5,6.81,24.88,6.61,31.49,3
2024-08-02 22:50:00,2024-08-02 23:16:00,245,193,3,6.3,39.24,8.52,47.76,2
2024-08-03 20:32:00,2024-08-03 20:42:00,36,183,5,12.65,19.08,7.96,27.04,4
2024-06-06 01:19:00,2024-06-06 01:42:00,159,196,1,14.11,27.14,9.6,36.74,1
2024-07-28 09:34:00,2024-07-28 09:53:00,146,5,6,12.64,36.1,5.73,41.83,4
2024-06-06 17:14:00,2024-06-06 17:36:00,63,83,5,10.13,26.27,0.67,26.94,3
2024-07-18 07:21:00,2024-07-18 07:40:00,165,3,6,1.98,38.8,3.41,42.21,4
2024-07-11 09:14:00,2024-07-11 09:41:00,28,77,5,14.18,5.51,1.53,7.04,4
2024-08-07 03:31:00,2024-08-07 03:50:00,262,224,2,13.52,16.52,8.86,25.38,1
2024-08-05 09:26:00,2024-08-05 09:43:00,159,39,6,9.34,3.89,9.33,13.22,2
2024-06-25 13:08:00,2024-06-25 13:20:00,145,48,3,9.02,31.11,3.33,34.44,4
2024-06-27 06:15:00,2024-06-27 06:35:00,75,24,3,9.38,24.1,9.38,33.48,2
2024-07-27 09:44:00,2024-07-27 10:09:00,239,154,5,3.86,18.74,4.55,23.29,3
2024-06-15 11:11:00,2024-06-15 11:20:00,8,83,6,3.83,5.91,1.24,7.15,1
2024-06-07 03:39:00,2024-06-07 04:00:00,258,116,4,4.15,34.87,1.65,36.52,3
2024-07-08 03:09:00,2024-07-08 03:35:00,137,188,5,1.38,6.96,7.44,14.4,4
2024-06-20 05:34:00,2024-06-20 05:44:00,85,198,2,12.67,10.67,4.64,15.31,3
2024-06-06 12:43:00,2024-06-06 13:11:00,2,92,3,14.94,8.13,7.53,15.66,2
2024-06-25 14:22:00,2024-06-25 14:33:00,256,63,6,10.56,28.13,0.51,28.64,1
2024-06-11 15:47:00,2024-06-11 16:13:00,23,157,4,9.84,25.56,2.8,28.36,4
2024-06-12 23:35:00,2024-06-12 23:53:00,192,258,1,13.98,12.63,9.52,22.15,2
2024-06-17 04:56:00,2024-06-17 05:26:00,184,97,5,7.58,20.18,1.26,21.44,1
2024-06-03 19:08:00,2024-06-03 19:34:00,85,92,1,3.34,31.57,6.65,38.22,3
2024-08-06 08:12:00,2024-08-06 08:24:00,152,239,6,1.39,15.05,7.75,22.8,4
2024-06-08 08:31:00,2024-06-08 09:01:00,153,199,1,8.95,36.33,9.68,46.01,1
2024-06-29 06:40:00,2024-06-29 07:03:00,1,228,1,5.38,13.28,8.35,21.63,3
2024-07-27 21:30:00,2024-07-27 21:45:00,12,19,6,4.5,16.47,6.83,23.3,3
2024-06-01 13:37:00,2024-06-01 14:03:00,12,235,3,6.88,5.9,9.95,15.85,1
2024-07-29 16:22:00,2024-07-29 16:43:00,205,217,3,10.94,33.76,4.12,37.88,2
2024-06-14 18:54:00,2024-06-14 19:10:00,6,33,6,0.85,33.1,3.62,36.72,1
2024-07-07 01:57:00,2024-07-07 02:10:00,180,96,3,5.83,17.35,3.65,21.0,1
2024-07-16 01:27:00,2024-07-16 01:33:00,66,27,3,2.84,32.04,1.15,33.19,4
2024-06-26 07:12:00,2024-06-26 07:40:00,5,148,2,12.73,32.47,5.0,37.47,1
2024-07-06 22:38:00,2024-07-06 22:47:00,182,228,2,13.03,39.39,9.13,48.52,3
2024-08-03 12:37:00,2024-08-03 12:58:00,98,112,1,11.68,35.8,9.04,44.84,4
2024-07-08 18:39:00,2024-07-08 19:05:00,255,251,6,13.55,23.58,7.77,31.35,1
2024-06-25 09:56:00,2024-06-25 10:02:00,96,221,6,8.19,21.39,9.71,31.1,4
2024-07-14 14:41:00,2024-07-14 15:02:00,125,233,3,9.86,32.58,6.3,38.88,3
2024-06-05 13:25:00,2024-06-05 13:33:00,190,75,1,2.26,20.08,1.84,21.92,4
2024-06-17 04:21:00,2024-06-17 04:29:00,49,152,4,9.99,19.72,3.32,23.04,4
2024-06-09 20:06:00,2024-06-09 20:17:00,124,41,5,4.49,27.69,3.21,30.9,1
2024-06-08 05:46:00,2024-06-08 06:06:00,206,169,3,6.24,30.62,8.42,39.04,2
2024-06-09 03:27:00,2024-06-09 03:42:00,203,10,1,6.34,30.81,3.44,34.25,4
2024-06-05 04:07:00,2024-06-05 04:30:00,230,15,2,2.73,19.37,0.11,19.48,4
2024-07-23 00:35:00,2024-07-23 00:56:00,240,122,4,8.42,10.97,6.44,17.41,4
2024-07-24 14:28:00,2024-07-24 14:33:00,189,19,3,8.27,39.08,1.89,40.97,1
2024-06-23 04:34:00,2024-06-23 04:57:00,225,239,1,11.02,27.82,3.29,31.11,1
2024-07-31 04:55:00,2024-07-31 05:14:00,195,24,2,3.46,6.46,2.65,9.11,1
2024-06-18 20:51:00,2024-06-18 21:17:00,37,83,3,14.22,35.47,5.91,41.38,2
2024-07-14 06:50:00,2024-07-14 07:12:00,221,73,1,9.91,25.07,2.7,27.77,2
2024-07-09 04:38:00,2024-07-09 05:08:00,92,77,3,1.51,26.15,7.92,34.07,3
2024-07-16 19:18:00,2024-07-16 19:26:00,195,28,5,4.11,34.15,1.12,35.27,1
2024-06-12 07:17:00,2024-06-12 07:30:00,251,200,5,4.29,36.85,3.49,40.34,1
2024-07-24 14:36:00,2024-07-24 14:55:00,117,167,1,4.72,5.0,9.15,14.15,2
2024-06-20 01:33:00,2024-06-20 01:51:00,151,122,5,10.1,23.0,3.18,26.18,1
2024-07-15 06:03:00,2024-07-15 06:08:00,132,116,2,12.03,5.67,9.88,15.55,3
2024-07-04 22:08:00,2024-07-04 22:20:00,260,194,6,8.29,25.44,7.77,33.21,2
2024-06-06 20:50:00,2024-06-06 21:17:00,213,142,1,10.49,16.77,2.83,19.6,2
2024-08-07 09:16:00,2024-08-07 09:30:00,138,249,6,11.03,14.24,4.44,18.68,2
2024-08-07 19:38:00,2024-08-07 20:05:00,35,234,2,10.75,10.32,1.07,11.39,3
2024-06-12 18:41:00,2024-06-12 18:46:00,86,145,1,11.82,32.47,1.48,33.95,3
2024-07-31 22:21:00,2024-07-31 22:51:00,9,70,5,0.83,15.94,3.1,19.04,2
2024-07-16 17:19:00,2024-07-16 17:40:00,49,208,5,9.66,22.53,3.2,25.73,4
2024-06-13 13:09:00,2024-06-13 13:24:00,172,3,1,3.75,20.64,7.79,28.43,1
2024-06-20 10:26:00,2024-06-20 10:41:00,224,131,5,2.09,33.99,0.18,34.17,2
2024-06-07 16:52:00,2024-06-07 17:10:00,72,254,4,6.44,16.7,9.5,26.2,3
2024-06-25 15:05:00,2024-06-25 15:26:00,11,36,4,10.91,21.12,6.4,27.52,2
2024-06-18 01:42:00,2024-06-18 01:52:00,91,141,2,11.04,22.26,7.09,29.35,3
2024-07-10 20:13:00,2024-07-10 20:22:00,13,37,5,2.2,3.39,7.63,11.02,3
2024-07-19 03:06:00,2024-07-19 03:21:00,228,151,6,11.16,27.41,5.54,32.95,1
2024-07-05 19:30:00,2024-07-05 19:56:00,219,37,1,7.15,3.26,5.0,8.26,1
2024-07-24 21:40:00,2024-07-24 21:57:00,174,52,3,8.94,22.16,4.04,26.2,3
2024-07-17 13:47:00,2024-07-17 14:17:00,116,20,6,7.48,36.38,7.29,43.67,1
2024-07-18 03:15:00,2024-07-18 03:31:00,62,239,2,5.66,19.85,1.79,21.64,3
2024-06-16 19:58:00,2024-06-16 20:12:00,42,194,3,3.96,6.22,4.45,10.67,3
2024-07-24 14:37:00,2024-07-24 14:47:00,171,150,4,8.16,9.42,2.03,11.45,3
2024-07-11 09:32:00,2024-07-11 10:00:00,152,97,5,7.45,14.44,3.56,18.0,4
2024-06-17 10:27:00,2024-06-17 10:32:00,132,36,6,11.43,10.66,9.61,20.27,3
2024-06-05 03:31:00,2024-06-05 03:49:00,250,74,1,7.4,32.06,6.6,38.66,2
2024-06-11 00:39:00,2024-06-11 01:08:00,154,147,6,4.75,37.53,2.97,40.5,2
2024-07-30 13:28:00,2024-07-30 13:44:00,86,176,6,13.6,34.7,1.5,36.2,2
2024-07-06 02:21:00,2024-07-06 02:31:00,8,161,3,5.06,29.18,0.99,30.17,2
2024-08-06 19:32:00,2024-08-06 19:56:00,61,224,2,8.23,23.73,8.24,31.97,4
2024-08-04 13:47:00,2024-08-04 14:02:00,194,46,1,9.92,17.74,4.54,22.28,2
2024-07-09 03:10:00,2024-07-09 03:20:00,28,173,3,3.31,32.09,4.95,37.04,1
2024-06-04 20:31:00,2024-06-04 20:49:00,200,107,4,3.1,35.48,5.5,40.98,3
2024-07-23 16:52:00,2024-07-23 17:13:00,264,173,5,3.85,27.69,8.06,35.75,3
2024-07-11 04:21:00,2024-07-11 04:31:00,228,182,2,7.99,38.48,5.1,43.58,1
2024-06-28 11:50:00,2024-06-28 11:55:00,108,42,4,10.15,6.87,4.8,11.67,2
2024-07-28 21:08:00,2024-07-28 21:17:00,182,118,4,8.11,24.72,8.46,33.18,1
2024-07-04 02:24:00,2024-07-04 02:37:00,1,47,5,12.37,5.69,5.96,11.65,3
2024-07-21 01:38:00,2024-07-21 01:44:00,221,181,4,8.7,5.15,9.54,14.69,2
2024-06-23 17:51:00,2024-06-23 18:18:00,218,227,1,5.23,14.9,5.95,20.85,3
2024-06-22 08:00:00,2024-06-22 08:27:00,58,82,2,4.23,7.66,9.92,17.58,1
2024-07-16 11:42:00,2024-07-16 11:54:00,209,263,2,1.64,13.68,8.01,21.69,4
2024-07-06 22:17:00,2024-07-06 22:40:00,187,195,5,2.8,16.84,4.15,20.99,1
2024-07-17 14:31:00,2024-07-17 14:37:00,24,106,5,4.49,13.7,4.55,18.25,3
2024-07-18 07:32:00,2024-07-18 08:01:00,80,29,5,14.09,32.13,8.78,40.91,4
2024-06-05 15:17:00,2024-06-05 15:45:00,262,57,3,14.87,39.16,5.91,45.07,4
2024-06-06 21:56:00,2024-06-06 22:09:00,56,199,4,7.74,9.8,7.43,17.23,3
2024-07-11 11:50:00,2024-07-11 12:11:00,158,231,3,13.19,18.24,4.83,23.07,1
2024-07-26 19:42:00,2024-07-26 19:52:00,261,191,2,14.53,30.98,5.49,36.47,4
2024-06-08 05:49:00,2024-06-08 06:14:00,180,111,4,14.25,21.58,4.08,25.66,2
2024-07-24 01:06:00,2024-07-24 01:20:00,85,152,4,3.15,19.64,6.81,26.45,1
2024-06-22 16:04:00,2024-06-22 16:22:00,237,151,2,11.54,25.38,2.64,28.02,1
2024-07-31 19:19:00,2024-07-31 19:28:00,213,115,6,14.24,4.33,8.57,12.9,2
2024-07-30 15:18:00,2024-07-30 15:29:00,69,228,1,8.73,5.91,3.37,9.28,1
2024-08-06 16:46:00,2024-08-06 16:55:00,4,165,4,12.37,8.74,8.61,17.35,3
2024-08-05 07:39:00,2024-08-05 08:04:00,130,174,3,2.23,31.18,2.73,33.91,4
2024-06-09 04:31:00,2024-06-09 04:52:00,68,5,5,4.45,19.64,2.42,22.06,4
2024-07-11 03:27:00,2024-07-11 03:47:00,144,195,5,5.48,7.21,4.09,11.3,2
2024-07-28 08:48:00,2024-07-28 09:07:00,99,116,6,10.81,5.22,0.32,5.54,3
2024-06-23 03:20:00,2024-06-23 03:43:00,181,70,1,3.95,14.26,8.08,22.34,2
2024-07-15 05:44:00,2024-07-15 06:14:00,243,218,4,14.39,39.71,4.67,44.38,2
2024-07-07 18:02:00,2024-07-07 18:24:00,28,218,5,11.88,33.78,1.95,35.73,3
2024-07-05 19:29:00,2024-07-05 19:40:00,142,50,6,3.18,16.49,7.86,24.35,1
2024-06-12 13:20:00,2024-06-12 13:26:00,215,228,2,10.9,36.89,6.56,43.45,4
2024-06-23 03:18:00,2024-06-23 03:33:00,259,251,6,1.02,22.3,4.74,27.04,2
2024-06-14 20:39:00,2024-06-14 21:02:00,203,88,2,3.33,3.09,3.36,6.45,4
2024-07-02 04:07:00,2024-07-02 04:34:00,148,112,3,12.99,9.4,1.76,11.16,4
2024-06-13 12:32:00,2024-06-13 12:58:00,65,59,6,14.92,19.68,2.35,22.03,3
2024-07-09 13:37:00,2024-07-09 13:57:00,236,87,3,7.31,19.46,2.38,21.84,1
2024-07-01 03:36:00,2024-07-01 03:46:00,193,174,1,12.81,5.81,9.51,15.32,2
2024-06-19 14:02:00,2024-06-19 14:11:00,263,46,2,6.37,6.68,0.54,7.22,3
2024-08-08 12:34:00,2024-08-08 12:40:00,195,95,6,4.74,24.85,2.63,27.48,1
2024-06-07 15:14:00,2024-06-07 15:26:00,10,114,1,5.38,31.64,4.94,36.58,4
2024-06-22 04:36:00,2024-06-22 04:56:00,35,11,2,2.52,35.55,6.96,42.51,1
2024-06-23 12:57:00,2024-06-23 13:26:00,182,44,3,2.22,35.64,3.01,38.65,3
2024-06-12 22:55:00,2024-06-12 23:20:00,216,204,5,9.47,32.53,5.35,37.88,1
2024-06-28 12:57:00,2024-06-28 13:26:00,212,152,3,7.33,9.79,0.85,10.64,2
2024-06-10 22:43:00,2024-06-10 23:10:00,183,155,1,7.31,3.25,3.02,6.27,1
2024-07-13 02:20:00,2024-07-13 02:37:00,140,177,5,5.11,8.63,2.25,10.88,1
2024-07-06 13:39:00,2024-07-06 13:58:00,125,182,5,1.72,4.07,3.71,7.78,3
2024-07-04 18:36:00,2024-07-04 18:52:00,236,225,1,14.33,9.77,5.72,15.49,4
2024-07-29 07:52:00,2024-07-29 08:02:00,4,32,4,6.36,33.21,8.2,41.41,1
2024-06-14 22:02:00,2024-06-14 22:09:00,239,202,1,8.81,19.86,6.93,26.79,1
2024-06-10 02:39:00,2024-06-10 02:48:00,157,83,2,2.3,39.08,2.11,41.19,4
2024-07-31 06:01:00,2024-07-31 06:19:00,114,197,5,14.54,19.31,1.56,20.87,3
2024-07-29 11:52:00,2024-07-29 12:20:00,193,93,5,14.27,22.83,9.32,32.15,4
2024-07-27 07:05:00,2024-07-27 07:29:00,85,261,3,3.52,16.23,8.37,24.6,2
2024-07-05 04:48:00,2024-07-05 04:58:00,170,62,4,8.97,14.92,8.95,23.87,3
2024-07-19 10:31:00,2024-07-19 11:01:00,138,205,1,11.16,35.89,0.6,36.49,4
2024-08-01 10:24:00,2024-08-01 10:36:00,248,76,5,12.35,7.19,1.62,8.81,2
2024-06-06 00:31:00,2024-06-06 00:57:00,261,160,4,8.08,10.58,5.26,15.84,1
2024-06-14 20:52:00,2024-06-14 21:10:00,211,164,1,12.84,18.17,0.96,19.13,2
2024-06-01 21:08:00,2024-06-01 21:13:00,99,21,4,2.57,10.08,0.2,10.28,1
2024-07-08 14:05:00,2024-07-08 14:19:00,147,265,4,12.14,13.55,0.75,14.3,3
2024-07-30 10:26:00,2024-07-30 10:36:00,164,201,1,13.84,26.01,2.56,28.57,2
2024-07-31 10:21:00,2024-07-31 10:38:00,134,242,1,2.81,39.52,5.4,44.92,4
2024-06-17 15:49:00,2024-06-17 16:04:00,91,163,2,7.21,18.3,7.25,25.55,1
2024-06-11 03:56:00,2024-06-11 04:26:00,74,103,4,9.86,15.53,9.27,24.8,4
2024-07-22 14:26:00,2024-07-22 14:39:00,149,16,6,11.66,31.53,2.38,33.91,4
2024-07-23 00:21:00,2024-07-23 00:50:00,141,48,3,12.31,14.51,6.69,21.2,4
2024-06-22 10:20:00,2024-06-22 10:50:00,156,231,6,10.9,28.63,9.88,38.51,2
2024-06-20 17:24:00,2024-06-20 17:30:00,175,170,3,1.35,35.79,6.6,42.39,1
2024-07-27 06:51:00,2024-07-27 07:03:00,149,232,1,13.46,17.12,3.71,20.83,1
2024-06-19 22:56:00,2024-06-19 23:20:00,48,103,5,3.75,34.33,5.39,39.72,2
2024-07-14 16:13:00,2024-07-14 16:40:00,146,261,5,2.39,34.42,7.33,41.75,3
2024-08-06 19:09:00,2024-08-06 19:22:00,181,245,4,1.34,36.57,7.21,43.78,1
2024-07-15 01:37:00,2024-07-15 01:54:00,205,100,3,7.0,17.69,0.38,18.07,2
2024-06-27 08:11:00,2024-06-27 08:24:00,133,68,1,0.86,7.95,6.49,14.44,1
2024-08-08 18:22:00,2024-08-08 18:50:00,9,4,5,6.3,5.94,9.46,15.4,1
2024-06-14 00:29:00,2024-06-14 00:40:00,251,192,3,5.71,34.15,1.05,35.2,4
2024-08-06 21:59:00,2024-08-06 22:06:00,1,38,5,1.12,28.09,0.12,28.21,4
2024-08-03 15:50:00,2024-08-03 16:15:00,227,106,2,4.89,15.65,4.49,20.14,4
2024-08-04 16:30:00,2024-08-04 16:36:00,1,213,6,9.23,6.52,8.14,14.66,1
2024-08-09 11:59:00,2024-08-09 12:12:00,224,69,4,4.99,12.87,4.22,17.09,1
2024-07-25 05:09:00,2024-07-25 05:17:00,136,178,5,3.78,8.83,0.79,9.62,3
2024-06-26 10:07:00,2024-06-26 10:30:00,106,99,3,9.48,6.78,5.15,11.93,2
2024-06-30 21:11:00,2024-06-30 21:17:00,180,23,4,4.48,33.0,0.51,33.51,1
2024-06-18 19:19:00,2024-06-18 19:27:00,240,19,5,13.51,3.53,9.31,12.84,1
2024-07-03 01:31:00,2024-07-03 01:50:00,100,48,3,11.1,7.48,4.75,12.23,2
2024-06-30 07:45:00,2024-06-30 07:51:00,258,108,6,7.13,23.86,9.61,33.47,2
2024-07-24 04:34:00,2024-07-24 04:43:00,124,33,2,12.77,9.47,3.41,12.88,3
2024-07-22 18:45:00,2024-07-22 18:53:00,77,26,3,11.54,14.73,0.8,15.53,2
2024-06-20 12:42:00,2024-06-20 12:48:00,134,135,6,13.79,4.5,3.37,7.87,1
2024-08-07 16:44:00,2024-08-07 17:00:00,206,6,5,11.9,8.86,2.72,11.58,2
2024-07-31 08:10:00,2024-07-31 08:39:00,224,143,3,9.87,27.85,7.28,35.13,1
2024-06-01 14:00:00,2024-06-01 14:30:00,73,143,6,5.32,13.05,1.25,14.3,4
2024-08-03 19:44:00,2024-08-03 20:07:00,49,173,3,4.62,8.71,4.2,12.91,2
2024-07-22 12:53:00,2024-07-22 13:14:00,177,113,6,13.62,32.23,3.89,36.12,2
2024-06-15 04:31:00,2024-06-15 04:41:00,44,56,4,7.37,5.72,3.33,9.05,2
2024-07-30 03:24:00,2024-07-30 03:51:00,185,211,1,3.96,8.3,9.73,18.03,2
2024-07-24 05:19:00,2024-07-24 05:44:00,19,228,1,14.19,9.69,8.3,17.99,2
2024-07-11 17:25:00,2024-07-11 17:41:00,245,168,3,7.31,13.17,2.42,15.59,3
2024-06-12 20:22:00,2024-06-12 20:30:00,132,224,6,7.68,5.89,6.08,11.97,1
2024-07-04 05:42:00,2024-07-04 05:57:00,104,162,6,11.49,39.05,9.6,48.65,3
2024-07-22 00:31:00,2024-07-22 00:37:00,3,57,3,9.34,13.4,9.28,22.68,1
2024-06-27 16:02:00,2024-06-27 16:32:00,117,36,5,7.27,20.52,8.02,28.54,4
2024-06-20 13:48:00,2024-06-20 13:56:00,93,60,3,2.77,28.55,6.84,35.39,4
2024-07-05 15:04:00,2024-07-05 15:10:00,148,197,4,9.29,11.37,9.23,20.6,4
2024-06-28 04:39:00,2024-06-28 05:07:00,131,42,2,7.54,19.9,7.09,26.99,2
2024-07-02 20:16:00,2024-07-02 20:21:00,226,193,3,3.48,28.2,3.51,31.71,3
2024-06-27 01:00:00,2024-06-27 01:08:00,138,226,6,8.93,9.75,3.85,13.6,1
2024-08-08 03:35:00,2024-08-08 04:00:00,262,138,1,14.01,20.2,0.03,20.23,1
2024-06-18 01:18:00,2024-06-18 01:26:00,58,149,6,7.91,34.2,9.84,44.04,1
2024-07-04 04:26:00,2024-07-04 04:42:00,75,94,1,5.74,34.61,9.01,43.62,1
2024-07-13 05:44:00,2024-07-13 05:54:00,104,261,5,12.8,32.17,0.56,32.73,1
2024-07-16 13:03:00,2024-07-16 13:23:00,231,234,6,14.58,19.44,4.31,23.75,1
2024-06-12 04:50:00,2024-06-12 04:59:00,199,142,4,10.99,3.98,8.4,12.38,4
2024-06-28 05:05:00,2024-06-28 05:16:00,181,168,1,12.35,25.66,0.06,25.72,4
2024-07-23 17:00:00,2024-07-23 17:14:00,174,123,4,2.48,25.03,7.05,32.08,3
2024-07-04 02:12:00,2024-07-04 02:21:00,259,191,1,14.49,11.38,3.23,14.61,2
2024-06-18 00:22:00,2024-06-18 00:44:00,182,69,3,6.23,14.46,3.61,18.07,4
2024-06-22 14:44:00,2024-06-22 15:11:00,21,219,6,0.61,11.1,7.75,18.85,3
2024-07-22 20:37:00,2024-07-22 21:02:00,106,52,4,4.61,13.49,0.78,14.27,2
2024-06-08 20:45:00,2024-06-08 21:13:00,82,207,3,14.62,39.65,8.31,47.96,1
2024-07-19 01:35:00,2024-07-19 01:49:00,31,196,4,4.74,22.47,2.84,25.31,2
2024-07-02 11:25:00,2024-07-02 11:40:00,49,146,3,4.65,25.67,1.41,27.08,3
2024-06-22 06:07:00,2024-06-22 06:21:00,114,205,6,2.41,18.41,9.39,27.8,2
2024-06-24 12:37:00,2024-06-24 12:45:00,25,148,1,11.62,4.34,2.8,7.14,1
2024-08-08 08:01:00,2024-08-08 08:07:00,180,237,6,9.85,31.5,2.06,33.56,2
2024-06-22 07:19:00,2024-06-22 07:46:00,20,181,6,6.35,16.48,0.37,16.85,4
2024-07-19 02:37:00,2024-07-19 02:52:00,231,108,5,4.4,34.49,4.6,39.09,4
2024-07-26 16:33:00,2024-07-26 16:56:00,213,256,1,6.92,17.23,3.12,20.35,1
2024-06-27 18:09:00,2024-06-27 18:21:00,232,178,5,13.49,30.94,6.46,37.4,4
2024-06-29 06:48:00,2024-06-29 07:17:00,57,6,4,11.79,8.88,5.66,14.54,4
2024-08-07 03:14:00,2024-08-07 03:26:00,156,124,5,8.67,20.11,6.54,26.65,4
2024-07-20 21:58:00,2024-07-20 22:07:00,260,43,2,11.42,36.74,9.02,45.76,1
2024-06-09 04:14:00,2024-06-09 04:26:00,102,195,6,10.92,19.26,5.78,25.04,2
2024-07-15 15:18:00,2024-07-15 15:30:00,150,197,6,10.11,34.95,7.55,42.5,2
2024-06-26 00:46:00,2024-06-26 01:08:00,29,264,5,7.17,11.36,0.5,11.86,2
2024-06-30 10:30:00,2024-06-30 10:51:00,12,212,6,12.43,23.27,2.73,26.0,4
2024-07-15 23:36:00,2024-07-16 00:05:00,137,95,1,2.69,15.94,5.26,21.2,4
2024-07-26 07:34:00,2024-07-26 07:48:00,148,102,6,4.47,21.77,6.85,28.62,3
2024-07-11 20:05:00,2024-07-11 20:25:00,165,210,3,12.93,10.12,7.05,17.17,4
2024-08-04 12:14:00,2024-08-04 12:40:00,69,261,2,4.73,30.22,6.34,36.56,1
2024-06-23 11:29:00,2024-06-23 11:49:00,213,12,5,9.62,15.31,1.14,16.45,1
2024-06-04 19:29:00,2024-06-04 19:54:00,236,114,2,12.24,21.69,4.28,25.97,2
2024-06-23 01:22:00,2024-06-23 01:33:00,246,54,6,9.83,19.38,9.89,29.27,3
2024-07-09 14:07:00,2024-07-09 14:32:00,190,42,2,4.11,21.28,9.68,30.96,1
2024-06-30 16:44:00,2024-06-30 17:02:00,217,178,2,10.27,28.74,9.91,38.65,2
2024-06-06 20:42:00,2024-06-06 21:02:00,117,32,6,0.61,12.29,9.68,21.97,4
2024-07-17 21:24:00,2024-07-17 21:38:00,209,38,4,6.8,39.13,9.86,48.99,3
2024-06-12 05:51:00,2024-06-12 06:15:00,10,86,2,0.56,31.63,6.81,38.44,3
2024-07-19 16:28:00,2024-07-19 16:57:00,134,166,1,3.32,29.06,9.43,38.49,3
2024-06-09 14:38:00,2024-06-09 14:58:00,250,115,1,11.47,4.57,3.76,8.33,2
2024-06-19 20:32:00,2024-06-19 20:49:00,30,214,2,1.14,4.02,5.02,9.04,1
2024-06-04 11:39:00,2024-06-04 11:46:00,77,195,5,8.27,32.88,9.95,42.83,4
2024-06-06 13:28:00,2024-06-06 13:42:00,109,4,5,2.25,16.35,3.31,19.66,2
2024-07-11 09:13:00,2024-07-11 09:20:00,105,227,4,3.25,28.95,0.56,29.51,3
2024-07-26 06:10:00,2024-07-26 06:25:00,215,3,5,9.44,18.92,7.07,25.99,3
2024-06-20 02:34:00,2024-06-20 03:02:00,101,149,3,13.65,36.67,7.05,43.72,1
2024-07-23 17:53:00,2024-07-23 18:12:00,258,12,1,8.95,21.12,2.48,23.6,2
2024-06-08 08:46:00,2024-06-08 08:52:00,259,166,3,10.25,20.56,8.91,29.47,4
2024-07-27 19:48:00,2024-07-27 20:16:00,120,53,4,6.73,4.16,4.11,8.27,3
2024-08-02 08:51:00,2024-08-02 08:58:00,172,255,3,6.82,33.54,4.86,38.4,1
2024-06-09 19:56:00,2024-06-09 20:26:00,35,225,4,1.86,28.91,7.51,36.42,2
2024-06-25 03:13:00,2024-06-25 03:37:00,80,4,6,10.52,23.72,7.8,31.52,2
2024-06-22 11:32:00,2024-06-22 12:01:00,187,65,2,13.1,7.01,9.52,16.53,1
2024-06-07 15:28:00,2024-06-07 15:34:00,54,108,5,0.51,26.47,5.42,31.89,3
2024-07-10 06:57:00,2024-07-10 07:21:00,89,30,6,6.24,20.24,2.93,23.17,4
2024-06-08 20:46:00,2024-06-08 21:01:00,105,160,6,10.94,35.11,2.95,38.06,3
2024-06-11 17:33:00,2024-06-11 17:48:00,153,181,1,14.45,26.87,1.55,28.42,3
2024-06-18 08:18:00,2024-06-18 08:47:00,258,153,1,9.66,21.8,0.07,21.87,1
2024-06-10 17:12:00,2024-06-10 17:40:00,161,212,1,10.32,8.86,1.66,10.52,3
2024-07-23 09:43:00,2024-07-23 09:51:00,57,119,6,13.29,21.99,5.45,27.44,1
2024-07-21 06:40:00,2024-07-21 07:09:00,261,245,6,2.45,6.11,1.29,7.4,4
2024-06-04 02:50:00,2024-06-04 03:06:00,1,97,6,9.58,15.32,4.03,19.35,2
2024-07-17 22:06:00,2024-07-17 22:15:00,170,96,4,10.67,16.44,2.65,19.09,3
2024-06-30 10:42:00,2024-06-30 11:02:00,12,140,6,7.46,31.42,1.07,32.49,3
2024-07-03 14:50:00,2024-07-03 15:06:00,160,29,2,1.08,38.67,1.44,40.11,4
2024-07-31 02:35:00,2024-07-31 02:58:00,81,180,5,11.95,10.19,4.24,14.43,4
2024-07-20 07:32:00,2024-07-20 07:41:00,62,165,2,14.32,38.22,5.42,43.64,3
2024-06-16 06:45:00,2024-06-16 07:10:00,25,253,6,10.87,22.23,5.55,27.78,3
2024-07-24 22:58:00,2024-07-24 23:27:00,242,75,2,13.47,12.58,9.03,21.61,4
2024-08-09 06:44:00,2024-08-09 06:52:00,174,204,5,4.7,14.39,8.64,23.03,1
2024-08-06 19:04:00,2024-08-06 19:25:00,6,117,5,2.3,4.97,4.14,9.11,2
2024-07-20 02:27:00,2024-07-20 02:53:00,233,243,2,0.92,38.12,2.11,40.23,4
2024-07-10 22:47:00,2024-07-10 22:54:00,66,254,2,8.5,19.25,7.64,26.89,2
2024-07-02 17:34:00,2024-07-02 17:53:00,136,23,1,12.06,39.12,8.24,47.36,2
2024-07-21 15:22:00,2024-07-21 15:39:00,99,90,3,13.86,32.76,8.85,41.61,1
2024-07-26 16:34:00,2024-07-26 16:40:00,198,152,5,3.61,26.25,0.88,27.13,4
2024-07-15 13:25:00,2024-07-15 13:45:00,209,73,2,8.16,32.83,3.87,36.7,3
2024-06-27 00:08:00,2024-06-27 00:35:00,224,90,2,7.32,27.29,3.89,31.18,1
2024-08-09 04:57:00,2024-08-09 05:08:00,4,196,5,10.38,28.64,2.99,31.63,1
2024-06-03 05:01:00,2024-06-03 05:08:00,106,236,4,10.0,25.66,6.9,32.56,1
2024-06-16 01:50:00,2024-06-16 02:18:00,140,38,2,6.81,5.06,2.37,7.43,1
2024-07-14 01:48:00,2024-07-14 02:02:00,54,1,1,3.42,24.4,2.26,26.66,1
2024-06-13 09:55:00,2024-06-13 10:07:00,185,207,1,11.08,17.51,1.02,18.53,3
2024-07-11 10:35:00,2024-07-11 11:04:00,114,201,5,11.58,35.19,9.4,44.59,3
2024-07-24 00:18:00,2024-07-24 00:29:00,104,42,4,11.5,16.61,2.41,19.02,4
2024-06-06 23:15:00,2024-06-06 23:45:00,205,217,3,1.77,5.31,9.42,14.73,2
2024-06-07 07:25:00,2024-06-07 07:41:00,85,53,3,12.01,8.06,3.55,11.61,2
2024-06-23 02:22:00,2024-06-23 02:51:00,255,130,2,6.99,16.87,5.12,21.99,2
2024-06-19 17:17:00,2024-06-19 17:46:00,92,129,3,10.03,22.12,3.67,25.79,1
2024-06-24 10:23:00,2024-06-24 10:39:00,26,148,5,5.4,11.92,5.62,17.54,3
2024-08-04 19:37:00,2024-08-04 20:03:00,209,17,3,13.76,24.61,5.76,30.37,2
2024-06-08 20:39:00,2024-06-08 20:55:00,143,77,4,8.98,8.25,3.21,11.46,1
2024-06-08 00:45:00,2024-06-08 01:12:00,220,16,5,5.55,27.0,7.48,34.48,3
2024-06-08 01:17:00,2024-06-08 01:44:00,145,140,1,3.09,14.37,9.01,23.38,3
2024-06-30 00:10:00,2024-06-30 00:19:00,169,248,1,2.6,6.98,3.12,10.1,2
2024-07-04 05:39:00,2024-07-04 06:03:00,210,5,5,3.43,19.9,9.22,29.12,2
2024-07-23 15:33:00,2024-07-23 15:41:00,226,64,5,4.48,19.06,9.05,28.11,2
2024-06-28 13:39:00,2024-06-28 14:02:00,149,64,3,6.49,8.1,0.28,8.38,4
2024-06-08 13:50:00,2024-06-08 14:08:00,118,213,4,13.66,20.39,1.74,22.13,2
2024-08-07 22:16:00,2024-08-07 22:29:00,124,113,2,7.17,24.32,5.68,30.0,3
2024-07-07 19:29:00,2024-07-07 19:51:00,11,59,3,6.79,15.85,6.53,22.38,3
2024-06-02 06:11:00,2024-06-02 06:25:00,137,68,6,13.05,6.13,2.69,8.82,3
2024-07-09 05:54:00,2024-07-09 06:08:00,79,261,4,10.65,5.38,2.56,7.94,1
2024-06-06 17:55:00,2024-06-06 18:00:00,54,113,1,12.03,28.23,4.08,32.31,2
2024-07-25 05:17:00,2024-07-25 05:44:00,38,80,2,10.27,31.68,6.4,38.08,3
2024-07-08 02:51:00,2024-07-08 02:58:00,262,145,3,7.11,18.92,4.57,23.49,1
2024-08-08 09:54:00,2024-08-08 10:04:00,22,38,5,1.24,21.94,2.66,24.6,2
2024-08-06 12:32:00,2024-08-06 12:45:00,82,235,6,9.2,15.5,4.81,20.31,2
2024-06-11 01:06:00,2024-06-11 01:19:00,51,77,1,7.23,39.01,5.62,44.63,4
2024-07-21 02:44:00,2024-07-21 03:02:00,206,120,3,14.38,6.16,3.84,10.0,1
2024-07-25 20:39:00,2024-07-25 20:52:00,116,248,6,6.79,14.1,0.58,14.68,1
2024-06-04 11:15:00,2024-06-04 11:36:00,171,23,1,10.98,12.14,4.24,16.38,2
2024-06-04 10:02:00,2024-06-04 10:31:00,237,12,6,1.84,25.05,2.91,27.96,1
2024-06-01 22:01:00,2024-06-01 22:21:00,28,188,6,4.6,31.28,9.47,40.75,1
2024-08-03 17:37:00,2024-08-03 18:07:00,218,40,1,7.71,37.46,7.36,44.82,2
2024-07-16 17:53:00,2024-07-16 18:03:00,81,14,1,13.37,3.31,5.26,8.57,4
2024-07-17 02:41:00,2024-07-17 02:51:00,151,96,2,1.56,8.47,3.83,12.3,1
